,user,26,27,28,29,30,31,32,33,34,36,38,40,42
0,LV 2 [ㅡ3ㅡ],,3.0,5.0,3.0,,,,,,,,,
1,LV 2 겅부경경경,,,,,,,,,,3.0,5.0,3.0,
2,LV 2 게리!,,,,,,3.0,5.0,3.0,,,,,
3,LV 2 근육질소년,,,,,,,,,3.0,5.0,3.0,,
4,LV 2 눈빛준,,,,3.0,5.0,3.0,,,,,,,
5,LV 2 뉴비_118ba431c91e,,,3.0,5.0,3.0,,,,,,,,
6,LV 2 뉴비_44c128dae246,,,,,,3.0,5.0,3.0,,,,,
7,LV 2 뉴비_4b427d49d53c,,,,,3.0,5.0,3.0,,,,,,
8,LV 2 뉴비_5d5ebe0ff0f9,,,,,3.0,4.0,4.0,,,,,,
9,LV 2 뉴비_6a27e93e8cd7,,,,,3.0,5.0,3.0,,,,,,
10,LV 2 뉴비_6be29ef55298,,,,3.0,5.0,3.0,,,,,,,
11,LV 2 뉴비_71ea350d62f0,,,,3.0,5.0,3.0,,,,,,,
12,LV 2 뉴비_a19279155106,4.0,4.0,,,,,,,,,,,
13,LV 2 뉴비_b8f2c6512c2c,,,3.0,4.0,4.0,,,,,,,,
14,LV 2 뉴비_db1c86960a05,,3.0,5.0,3.0,,,,,,,,,
15,LV 2 미대갈래요,,,3.0,5.0,3.0,,,,,,,,
16,LV 2 빵떡이얌,,,,,,,3.0,5.0,3.0,,,,
17,LV 2 서초동종마,,,,,,,,,3.0,5.0,3.0,,
18,LV 2 약주병,,,,3.0,5.0,3.0,,,,,,,
19,LV 2 잉 기,,,,3.0,5.0,3.0,,,,,,,
20,LV 2 켚켚,,,,3.0,5.0,3.0,,,,,,,
21,LV 3 1등하는그날까,,,,,,3.0,5.0,3.0,,,,,
22,LV 3 1우기,,,,3.0,5.0,3.0,,,,,,,
23,LV 3 7.00,,,,,,,,,3.0,5.0,3.0,,
24,LV 3 Alsodkeucp,,3.0,5.0,3.0,,,,,,,,,
25,LV 3 B26,,,3.0,5.0,3.0,,,,,,,,
26,LV 3 CD: 9300,,,,3.0,5.0,3.0,,,,,,,
27,LV 3 DCTECO,,,,,3.0,5.0,3.0,,,,,,
28,LV 3 EE-SIEG,,,,,3.0,5.0,3.0,,,,,,
29,LV 3 Flerna,5.0,3.0,,,,,,,,,,,
30,LV 3 INLOVEWITHH,,,,,,,3.0,5.0,3.0,,,,
31,LV 3 Jeeth,,,,,,,3.0,5.0,3.0,,,,
32,LV 3 Jhong105,,,3.0,5.0,3.0,,,,,,,,
33,LV 3 JjWwP,,,,3.0,5.0,3.0,,,,,,,
34,LV 3 Kyeong서,,,,,3.0,5.0,3.0,,,,,,
35,LV 3 Libertine,,,,,,3.0,5.0,3.0,,,,,
36,LV 3 NYPDD,,,,,,,,3.0,5.0,3.0,,,
37,LV 3 P.s.1,,,,,,,3.0,5.0,3.0,,,,
38,LV 3 RH.KIM,,,,,3.0,5.0,3.0,,,,,,
39,LV 3 RRR7,,,,,,,,3.0,5.0,3.0,,,
40,LV 3 SCMinnovator,,,,,,,3.0,5.0,3.0,,,,
41,LV 3 Sjinday,,,,,,,3.0,5.0,3.0,,,,
42,LV 3 Syhann179,,3.0,5.0,3.0,,,,,,,,,
43,LV 3 Violaa,,,,3.0,5.0,3.0,,,,,,,
44,LV 3 Zakkkkk,,,,,,,,,3.0,5.0,3.0,,
45,LV 3 ahbvc,,,,3.0,5.0,3.0,,,,,,,
46,LV 3 ambivert,,,,,,3.0,5.0,3.0,,,,,
47,LV 3 eloque,,,,,,,,3.0,5.0,3.0,,,
48,LV 3 fce_jh,,,,3.0,5.0,3.0,,,,,,,
49,LV 3 jumtto,,,3.0,5.0,3.0,,,,,,,,
50,LV 3 makka,,,,3.0,5.0,3.0,,,,,,,
51,LV 3 mariepr,,,3.0,5.0,3.0,,,,,,,,
52,LV 3 namdanvinh,,,,,,3.0,5.0,3.0,,,,,
53,LV 3 psh2610,,,,3.0,5.0,3.0,,,,,,,
54,LV 3 rjtjd,,,,,3.0,5.0,3.0,,,,,,
55,LV 3 y_21.cy6,,,,,,,3.0,5.0,3.0,,,,
56,LV 3 |l|l|l|l|l|l|l|,,,3.0,5.0,3.0,,,,,,,,
57,LV 3 가식적인미소,,,,3.0,5.0,3.0,,,,,,,
58,LV 3 간지나게산다,,,3.0,5.0,3.0,,,,,,,,
59,LV 3 곰망스,,,,,,3.0,5.0,3.0,,,,,
60,LV 3 구구재,,,,,,,3.0,5.0,3.0,,,,
61,LV 3 권혁년,,,,3.0,5.0,3.0,,,,,,,
62,LV 3 그랑이쨍그랑,,,,,3.0,5.0,3.0,,,,,,
63,LV 3 금설탕이,,,,,,,3.0,5.0,3.0,,,,
64,LV 3 기모123띠,,,,,,3.0,5.0,3.0,,,,,
65,LV 3 김두산이,,,,,,3.0,5.0,3.0,,,,,
66,LV 3 김씨아재87,,,,,,,,,3.0,5.0,3.0,,
67,LV 3 김짱우,,,,3.0,5.0,3.0,,,,,,,
68,LV 3 깔롱쟁이~,,,,,,,3.0,5.0,3.0,,,,
69,LV 3 깜씨흑구,,,,,,3.0,5.0,3.0,,,,,
70,LV 3 꽁소원,,,,,,,3.0,5.0,3.0,,,,
71,LV 3 꿀복칩,,,,,,3.0,5.0,3.0,,,,,
72,LV 3 뀨오잉영,,3.0,5.0,3.0,,,,,,,,,
73,LV 3 나는야보겸,,3.0,5.0,3.0,,,,,,,,,
74,LV 3 너란병아리,,,,,,3.0,5.0,3.0,,,,,
75,LV 3 노페피,,,,3.0,5.0,3.0,,,,,,,
76,LV 3 뉴비_00dfc7e3e834,,,,3.0,5.0,3.0,,,,,,,
77,LV 3 뉴비_08ce9be7ce25,,,,,,,3.0,5.0,3.0,,,,
78,LV 3 뉴비_09ad1ca1ab21,,,3.0,5.0,3.0,,,,,,,,
79,LV 3 뉴비_1724aaab7d42,,,,,,,,3.0,4.0,4.0,,,
80,LV 3 뉴비_173d3046,,,,,,,3.0,5.0,3.0,,,,
81,LV 3 뉴비_17956e96bb71,,,,3.0,5.0,3.0,,,,,,,
82,LV 3 뉴비_198f259d478f,,,,,,3.0,5.0,3.0,,,,,
83,LV 3 뉴비_1c43eb209847,,,,,,,,3.0,5.0,3.0,,,
84,LV 3 뉴비_1dfec59e,,,,,,,,3.0,5.0,3.0,,,
85,LV 3 뉴비_1e779da2d20a,,,,,,3.0,5.0,3.0,,,,,
86,LV 3 뉴비_1efe1170210d,,,,3.0,5.0,3.0,,,,,,,
87,LV 3 뉴비_1f59d330,,,,,,3.0,5.0,3.0,,,,,
88,LV 3 뉴비_2219ef9b12df,,,,,,3.0,5.0,3.0,,,,,
89,LV 3 뉴비_23677b8701c3,,,3.0,5.0,3.0,,,,,,,,
90,LV 3 뉴비_23b86d216a33,,,,,,3.0,5.0,3.0,,,,,
91,LV 3 뉴비_2d6de28c,,,,3.0,5.0,3.0,,,,,,,
92,LV 3 뉴비_38c0b2cb,,,,,,,,3.0,5.0,3.0,,,
93,LV 3 뉴비_39005e1131e0,,3.0,5.0,3.0,,,,,,,,,
94,LV 3 뉴비_3dbd9771,,,,,,3.0,5.0,3.0,,,,,
95,LV 3 뉴비_425e99eede64,,3.0,5.0,3.0,,,,,,,,,
96,LV 3 뉴비_42d19de8b1d5,,,3.0,5.0,3.0,,,,,,,,
97,LV 3 뉴비_43ec177a,,,,,3.0,5.0,3.0,,,,,,
98,LV 3 뉴비_45811651,,,,,,,,,3.0,5.0,3.0,,
99,LV 3 뉴비_49d04aea,,,,3.0,5.0,3.0,,,,,,,
100,LV 3 뉴비_4bf1fdab2e04,,,,3.0,5.0,3.0,,,,,,,
101,LV 3 뉴비_52d30843,,,,,3.0,5.0,3.0,,,,,,
102,LV 3 뉴비_541f91c41bdf,3.0,5.0,3.0,,,,,,,,,,
103,LV 3 뉴비_54e289df0e3e,,,3.0,5.0,3.0,,,,,,,,
104,LV 3 뉴비_624c5d48,,,3.0,5.0,3.0,,,,,,,,
105,LV 3 뉴비_6dfcc3949248,,,,,3.0,5.0,3.0,,,,,,
106,LV 3 뉴비_6f7aa08a,,,,,3.0,5.0,3.0,,,,,,
107,LV 3 뉴비_75692ab604f1,,,,3.0,5.0,3.0,,,,,,,
108,LV 3 뉴비_75a85e447f09,,,,3.0,5.0,3.0,,,,,,,
109,LV 3 뉴비_75a8b075,,,,,,3.0,5.0,3.0,,,,,
110,LV 3 뉴비_791ae8be,,,,,,3.0,5.0,3.0,,,,,
111,LV 3 뉴비_7ad2a5de2c0a,,,,,,,3.0,5.0,3.0,,,,
112,LV 3 뉴비_7ed1773c,,,,3.0,5.0,3.0,,,,,,,
113,LV 3 뉴비_812fd411,,,,,,3.0,5.0,3.0,,,,,
114,LV 3 뉴비_836c4a8120c0,,,3.0,5.0,3.0,,,,,,,,
115,LV 3 뉴비_836c6fcf2a3b,,,3.0,5.0,3.0,,,,,,,,
116,LV 3 뉴비_8700660c,,,,3.0,5.0,3.0,,,,,,,
117,LV 3 뉴비_87f979ccbff9,,,,,,,3.0,5.0,3.0,,,,
118,LV 3 뉴비_8982a073e999,,,,,,3.0,5.0,3.0,,,,,
119,LV 3 뉴비_8d39d0ced10b,,,,,,3.0,5.0,3.0,,,,,
120,LV 3 뉴비_8e536b26,3.0,5.0,3.0,,,,,,,,,,
121,LV 3 뉴비_913cca0269d0,,,,,,,3.0,5.0,3.0,,,,
122,LV 3 뉴비_93e268dba69e,,,,,,3.0,5.0,3.0,,,,,
123,LV 3 뉴비_967380255ea2,,,,,3.0,5.0,3.0,,,,,,
124,LV 3 뉴비_9ad5d75a4f66,,,,,,,,3.0,5.0,3.0,,,
125,LV 3 뉴비_9f552dec,3.0,5.0,3.0,,,,,,,,,,
126,LV 3 뉴비_a2740ef3,,,,,,3.0,5.0,3.0,,,,,
127,LV 3 뉴비_a95580c1f41e,,,,3.0,5.0,3.0,,,,,,,
128,LV 3 뉴비_aa3d1cb0,,,,,,,,,,3.0,5.0,3.0,
129,LV 3 뉴비_b55b5fdc,,,,,3.0,5.0,3.0,,,,,,
130,LV 3 뉴비_b619dc1ad893,,,,,,,3.0,5.0,3.0,,,,
131,LV 3 뉴비_b6cb34c2452d,,,,,,3.0,5.0,3.0,,,,,
132,LV 3 뉴비_b8d0a092db68,,,,,,,,3.0,5.0,3.0,,,
133,LV 3 뉴비_bd44b98b9337,,,,,,,,3.0,5.0,3.0,,,
134,LV 3 뉴비_c311ac5c0deb,,,,,,3.0,5.0,3.0,,,,,
135,LV 3 뉴비_c5b636ba,,,,,,3.0,5.0,3.0,,,,,
136,LV 3 뉴비_c650cc1cebcd,5.0,3.0,,,,,,,,,,,
137,LV 3 뉴비_cea14c6b,,,,,3.0,5.0,3.0,,,,,,
138,LV 3 뉴비_d0be4dc1,,,,,,3.0,5.0,3.0,,,,,
139,LV 3 뉴비_d3af97e20049,,3.0,5.0,3.0,,,,,,,,,
140,LV 3 뉴비_d45f0414,,3.0,5.0,3.0,,,,,,,,,
141,LV 3 뉴비_d59cf901,,,,3.0,5.0,3.0,,,,,,,
142,LV 3 뉴비_d86601a8e5d6,,,,,,,3.0,5.0,3.0,,,,
143,LV 3 뉴비_d9200d38,,,,,,,,3.0,5.0,3.0,,,
144,LV 3 뉴비_dbd939ba,,,,,3.0,5.0,3.0,,,,,,
145,LV 3 뉴비_e4ca6d79,,,,3.0,5.0,3.0,,,,,,,
146,LV 3 뉴비_e78643ca99cd,,,,,,3.0,5.0,3.0,,,,,
147,LV 3 뉴비_ed6471cbbfae,,,,,3.0,5.0,3.0,,,,,,
148,LV 3 뉴비_ee8453eaa0da,,,,,3.0,5.0,3.0,,,,,,
149,LV 3 뉴비_f0ccac79,,,,3.0,5.0,3.0,,,,,,,
150,LV 3 뉴비_f4262bf5de4c,,,3.0,4.0,4.0,,,,,,,,
151,LV 3 뉴비_fe6f3763ed8f,,3.0,5.0,3.0,,,,,,,,,
152,LV 3 뉴비_ff4deb09,,,,,,,,3.0,5.0,3.0,,,
153,LV 3 뉴비스트777,,,,,,,,3.0,5.0,3.0,,,
154,LV 3 늙고지친 작생 헌내기,,,3.0,4.0,4.0,,,,,,,,
155,LV 3 늭네밈,,,,,,,,3.0,5.0,3.0,,,
156,LV 3 단발좌,,,,,,3.0,5.0,3.0,,,,,
157,LV 3 달콤한인생1984,,,,,,,,3.0,5.0,3.0,,,
158,LV 3 도밍고야,,,,,3.0,4.0,4.0,,,,,,
159,LV 3 돌고래 조련사,,,,,,,,3.0,5.0,3.0,,,
160,LV 3 두루치기김말자,,,,,3.0,5.0,3.0,,,,,,
161,LV 3 드가즈아,,,,3.0,5.0,3.0,,,,,,,
162,LV 3 들장미소,,,,3.0,5.0,3.0,,,,,,,
163,LV 3 디피케,,,,3.0,5.0,3.0,,,,,,,
164,LV 3 딱딱한 성현,,,,,,,,3.0,5.0,3.0,,,
165,LV 3 또기의옷장,,,,,,,3.0,4.0,4.0,,,,
166,LV 3 똥빱치,,,,,,,3.0,5.0,3.0,,,,
167,LV 3 렝비이,,,,,,3.0,5.0,3.0,,,,,
168,LV 3 로버트스미스,,3.0,5.0,3.0,,,,,,,,,
169,LV 3 루키_63bbcaf19e01,,,3.0,5.0,3.0,,,,,,,,
170,LV 3 루키_cb1d9e35d11b,,,,3.0,5.0,3.0,,,,,,,
171,LV 3 류유영준,,,,,,3.0,5.0,3.0,,,,,
172,LV 3 마마마마마마,,,,,,3.0,5.0,3.0,,,,,
173,LV 3 만두6,,3.0,5.0,3.0,,,,,,,,,
174,LV 3 맥반석남자,,,,,,,3.0,5.0,3.0,,,,
175,LV 3 멈출수없는충동구매,,,,3.0,5.0,3.0,,,,,,,
176,LV 3 멤버_4b7d61b2a53a,,,,,3.0,5.0,3.0,,,,,,
177,LV 3 멤버_6342605a489f,,,,,,3.0,5.0,3.0,,,,,
178,LV 3 멤버_6a9a09ba1d8d,,,,,,3.0,5.0,3.0,,,,,
179,LV 3 멤버_914317439bb0,,,,,,3.0,5.0,3.0,,,,,
180,LV 3 멤버_e6db70bac0ff,,,,,,,,,3.0,5.0,3.0,,
181,LV 3 몽멍이오,,,,,,,3.0,5.0,3.0,,,,
182,LV 3 무닮은신사,,,,,,3.0,5.0,3.0,,,,,
183,LV 3 뮤시뮤시해요,,,,,,3.0,5.0,3.0,,,,,
184,LV 3 밀킹스,,,,,,,,,,3.0,5.0,3.0,
185,LV 3 박상우입니다앙,,,,,,,,,3.0,5.0,3.0,,
186,LV 3 백트로,,,3.0,5.0,3.0,,,,,,,,
187,LV 3 베커엄,,,,,,3.0,5.0,3.0,,,,,
188,LV 3 별 우진사랑,,,,,,3.0,5.0,3.0,,,,,
189,LV 3 본능저그로,,,,3.0,5.0,3.0,,,,,,,
190,LV 3 뵈리우스,,,,,,3.0,5.0,3.0,,,,,
191,LV 3 뿡왕뿡왕,,,,,,,3.0,5.0,3.0,,,,
192,LV 3 사강훈,,,,,,,3.0,5.0,3.0,,,,
193,LV 3 상근병,,,,,,3.0,5.0,3.0,,,,,
194,LV 3 새벽뉴비,,3.0,5.0,3.0,,,,,,,,,
195,LV 3 서스타7,,,,,,,3.0,5.0,3.0,,,,
196,LV 3 선호입니다,,,,,,3.0,5.0,3.0,,,,,
197,LV 3 실버스타12,,,,,,,3.0,5.0,3.0,,,,
198,LV 3 쏘이커너필,,,3.0,5.0,3.0,,,,,,,,
199,LV 3 아기동자김인직,,,,,,,,3.0,5.0,3.0,,,
200,LV 3 아라아ㅏ랓,3.0,5.0,3.0,,,,,,,,,,
201,LV 3 아랑이집사,,,3.0,5.0,3.0,,,,,,,,
202,LV 3 아이스콜라,,,,3.0,5.0,3.0,,,,,,,
203,LV 3 어쩌다 스물다섯,,,,3.0,5.0,3.0,,,,,,,
204,LV 3 얶빵은쌍방,,3.0,5.0,3.0,,,,,,,,,
205,LV 3 영재입니다.,,,,,,3.0,5.0,3.0,,,,,
206,LV 3 영현이의 쇼핑목록,,,,,3.0,5.0,3.0,,,,,,
207,LV 3 예스맨01,,3.0,5.0,3.0,,,,,,,,,
208,LV 3 오종근이여,,3.0,5.0,3.0,,,,,,,,,
209,LV 3 옷잘입고싶은김동우,,3.0,5.0,3.0,,,,,,,,,
210,LV 3 와우요우오,,,,,3.0,5.0,3.0,,,,,,
211,LV 3 요녀석1,,,,,,,3.0,5.0,3.0,,,,
212,LV 3 용산동쌍가락지,,,3.0,5.0,3.0,,,,,,,,
213,LV 3 웅이랑,,3.0,5.0,3.0,,,,,,,,,
214,LV 3 육만이전자,,,,,,,,3.0,5.0,3.0,,,
215,LV 3 윤슬강민짱,,,,,,3.0,5.0,3.0,,,,,
216,LV 3 윤쓰파,,,,,,3.0,5.0,3.0,,,,,
217,LV 3 이나스요,,,,3.0,5.0,3.0,,,,,,,
218,LV 3 이이잉잉이이ㅣㅇ잉이이ㅣㅇ,,,,,3.0,5.0,3.0,,,,,,
219,LV 3 이재성재이,,,,,,,3.0,5.0,3.0,,,,
220,LV 3 인덕션옆신문지,,,,,3.0,5.0,3.0,,,,,,
221,LV 3 인세연,,,,3.0,5.0,3.0,,,,,,,
222,LV 3 일산토르,,,,,,,3.0,5.0,3.0,,,,
223,LV 3 장유민규다,,3.0,5.0,3.0,,,,,,,,,
224,LV 3 전기인177,,,,,3.0,5.0,3.0,,,,,,
225,LV 3 전태민_1108,4.0,4.0,,,,,,,,,,,
226,LV 3 종갼,,,,,3.0,5.0,3.0,,,,,,
227,LV 3 죠아따잉,,3.0,5.0,3.0,,,,,,,,,
228,LV 3 주광색,,3.0,5.0,3.0,,,,,,,,,
229,LV 3 주문을외워보자샤바라바디야,,,,,,,3.0,5.0,3.0,,,,
230,LV 3 짱구골프,,,,3.0,5.0,3.0,,,,,,,
231,LV 3 찐뉴비이,,,,,,,3.0,5.0,3.0,,,,
232,LV 3 초코롬코롬숨,,,,,,3.0,5.0,3.0,,,,,
233,LV 3 최_유_찬,,,,,,3.0,5.0,3.0,,,,,
234,LV 3 쿠키야랑,,,,,,,,,3.0,5.0,3.0,,
235,LV 3 토르삼촌,,,,,,,3.0,5.0,3.0,,,,
236,LV 3 팔각산의고수박선재,,,,,,3.0,5.0,3.0,,,,,
237,LV 3 푸키막,,,,,,,3.0,5.0,3.0,,,,
238,LV 3 핑요,,,,,3.0,5.0,3.0,,,,,,
239,LV 3 한대피플,,,,3.0,5.0,3.0,,,,,,,
240,LV 3 한잔해윤,,,,,,,,,,3.0,5.0,3.0,
241,LV 3 핸보칸 양말,,,,3.0,5.0,3.0,,,,,,,
242,LV 3 허성열,,,,,,3.0,5.0,3.0,,,,,
243,LV 3 허성재,,,,,,,3.0,5.0,3.0,,,,
244,LV 3 호이짜~,,,,3.0,5.0,3.0,,,,,,,
245,LV 3 황토베개,,,,,,,3.0,5.0,3.0,,,,
246,LV 3 후니스르르,,,,3.0,5.0,3.0,,,,,,,
247,LV 3 휴우휴우휴우,,3.0,5.0,3.0,,,,,,,,,
248,LV 4 5273388a25b0c,,,,3.0,5.0,3.0,,,,,,,
249,LV 4 940517A,,,,,,,3.0,5.0,3.0,,,,
250,LV 4 Chunpal,,,3.0,5.0,3.0,,,,,,,,
251,LV 4 DanaPo,,,,,,,,3.0,5.0,3.0,,,
252,LV 4 F355,,,,,,3.0,5.0,3.0,,,,,
253,LV 4 Hwan032,,,,,,,3.0,5.0,3.0,,,,
254,LV 4 J___park,,,,,3.0,5.0,3.0,,,,,,
255,LV 4 Jjkml,,,,3.0,5.0,3.0,,,,,,,
256,LV 4 JoJo_,,,,,,3.0,5.0,3.0,,,,,
257,LV 4 LEE1601,,,,,3.0,5.0,3.0,,,,,,
258,LV 4 MW3480,,,,,,3.0,5.0,3.0,,,,,
259,LV 4 Maminu,,,,,3.0,5.0,3.0,,,,,,
260,LV 4 PSGHS94,,,,,,3.0,5.0,3.0,,,,,
261,LV 4 Premierleague,,,,,,3.0,5.0,3.0,,,,,
262,LV 4 R자랑,,,,,3.0,5.0,3.0,,,,,,
263,LV 4 SG_7,,,3.0,5.0,3.0,,,,,,,,
264,LV 4 Shoper,,,,,3.0,5.0,3.0,,,,,,
265,LV 4 To me,,,3.0,5.0,3.0,5.0,3.0,,,,,,
266,LV 4 YOKM,,,,,,,3.0,5.0,3.0,,,,
267,LV 4 alsk100,,,,3.0,5.0,3.0,,,,,,,
268,LV 4 dior0121,,,,3.0,5.0,3.0,,,,,,,
269,LV 4 dltkfkdtkfkdgo,,,,,3.0,5.0,3.0,,,,,,
270,LV 4 doadade,,,,,,,3.0,5.0,3.0,,,,
271,LV 4 exlru,3.0,5.0,3.0,,,,,,,,,,
272,LV 4 free캠퍼,,,,,,3.0,5.0,3.0,,,,,
273,LV 4 ho_eat,,,3.0,5.0,3.0,,,,,,,,
274,LV 4 hybuddy,,,,,3.0,5.0,3.0,,,,,,
275,LV 4 jin9135,,,,,3.0,5.0,3.0,,,,,,
276,LV 4 jiri_gu,,,,,3.0,5.0,3.0,,,,,,
277,LV 4 kaHoot,,,,,3.0,5.0,3.0,,,,,,
278,LV 4 kaesper,,,,,,3.0,5.0,3.0,,,,,
279,LV 4 koroll,,,,,,3.0,5.0,3.0,,,,,
280,LV 4 lossbeb,,,,3.0,5.0,3.0,,,,,,,
281,LV 4 mjizzz,,,,,3.0,5.0,3.0,,,,,,
282,LV 4 positivemind,,3.0,5.0,3.0,,,,,,,,,
283,LV 4 ssuuhoo,,,,3.0,5.0,3.0,,,,,,,
284,LV 4 taetae_o313,,,,,,3.0,5.0,3.0,,,,,
285,LV 4 viajs,,,,,,,,3.0,5.0,3.0,,,
286,LV 4 yhdboo,,,,,,3.0,5.0,3.0,,,,,
287,LV 4 zamzzam,,,3.0,5.0,3.0,,,,,,,,
288,LV 4 zxfrew2,,,3.0,5.0,3.0,,,,,,,,
289,LV 4 건이아범,,,,,,,,3.0,5.0,3.0,,,
290,LV 4 계속그리워,,,,,3.0,5.0,3.0,,,,,,
291,LV 4 고니궈니,,,,,,,3.0,5.0,3.0,,,,
292,LV 4 고마롭,,,,,,3.0,5.0,3.0,,,,,
293,LV 4 군필모솔아다백수,,,3.0,5.0,3.0,,,,,,,,
294,LV 4 그냥보통계정,,,,,,,,3.0,5.0,3.0,,,
295,LV 4 김굽다불낸놈뺏김,,,,,,3.0,5.0,3.0,,,,,
296,LV 4 김돌돌돌돌이,,,,3.0,5.0,3.0,,,,,,,
297,LV 4 김동준12345,,,3.0,5.0,3.0,,,,,,,,
298,LV 4 깡찬18,,,,,,,,3.0,5.0,3.0,,,
299,LV 4 난이대오통,,,,,,3.0,5.0,3.0,,,,,
300,LV 4 냥냥한냥냥,,,,,,,3.0,5.0,3.0,,,,
301,LV 4 누가쏴,,,,,,3.0,5.0,3.0,,,,,
302,LV 4 뉴봉,,,,,,,,3.0,5.0,3.0,,,
303,LV 4 뉴비_1063ba33,,,3.0,5.0,3.0,,,,,,,,
304,LV 4 뉴비_1cc3db82,,,,,3.0,5.0,3.0,,,,,,
305,LV 4 뉴비_1ecab5ad,,,,3.0,5.0,3.0,,,,,,,
306,LV 4 뉴비_364f18f2,,,,,,3.0,5.0,3.0,,,,,
307,LV 4 뉴비_3a79ba95,,,,,3.0,5.0,3.0,,,,,,
308,LV 4 뉴비_3c868d53,,,,,3.0,5.0,3.0,,,,,,
309,LV 4 뉴비_40162624,,,,,,3.0,5.0,3.0,,,,,
310,LV 4 뉴비_4742ee8e,5.0,3.0,,,,,,,,,,,
311,LV 4 뉴비_4c2e5972,,,,,3.0,5.0,3.0,,,,,,
312,LV 4 뉴비_5369d32a,,,,3.0,5.0,3.0,,,,,,,
313,LV 4 뉴비_5abc9f21b851,,,3.0,5.0,3.0,,,,,,,,
314,LV 4 뉴비_77b57ceb,,,,,,,,3.0,5.0,3.0,,,
315,LV 4 뉴비_7accf6611271,,,,,,,3.0,5.0,3.0,,,,
316,LV 4 뉴비_7dfe9672,,,,,3.0,5.0,3.0,,,,,,
317,LV 4 뉴비_94895b5df2e5,,,,,,3.0,5.0,3.0,,,,,
318,LV 4 뉴비_9bfcab66,,,,,,,,,3.0,5.0,3.0,,
319,LV 4 뉴비_a59f4992,,,,,3.0,5.0,3.0,,,,,,
320,LV 4 뉴비_a5d7c7cf1b48,3.0,5.0,3.0,,,,,,,,,,
321,LV 4 뉴비_a65a114e,,,,,3.0,5.0,3.0,,,,,,
322,LV 4 뉴비_b2f175f7,,,3.0,5.0,3.0,,,,,,,,
323,LV 4 뉴비_b750941c,,,,3.0,5.0,3.0,,,,,,,
324,LV 4 뉴비_bb14e8d5f1c3,,,,3.0,5.0,3.0,,,,,,,
325,LV 4 뉴비_bf4fe828,,,,3.0,5.0,3.0,,,,,,,
326,LV 4 뉴비_cc226710,,,,,,,3.0,5.0,3.0,,,,
327,LV 4 뉴비_d56504ea,,,,,3.0,5.0,3.0,,,,,,
328,LV 4 뉴비_d8efdadd,,,,,,3.0,5.0,3.0,,,,,
329,LV 4 뉴비_dadb8a0e6ff2,,,,3.0,5.0,3.0,,,,,,,
330,LV 4 뉴비_e07c485a,,,,,3.0,5.0,3.0,,,,,,
331,LV 4 뉴비_e4cd8768483d,,,,,,3.0,5.0,3.0,,,,,
332,LV 4 뉴비_e549ea64,,,,,,3.0,5.0,3.0,,,,,
333,LV 4 뉴비_edb5db96,,,,,,,,3.0,5.0,3.0,,,
334,LV 4 뉴비_ff1359b2,,,3.0,5.0,3.0,,,,,,,,
335,LV 4 뉴비루키맴버,,,,,,,,,3.0,5.0,3.0,,
336,LV 4 니니니닌니님,,,3.0,5.0,3.0,,,,,,,,
337,LV 4 닉넴고민되네,,,,,,3.0,5.0,3.0,,,,,
338,LV 4 더조은파크,,,3.0,5.0,3.0,,,,,,,,
339,LV 4 덕배덕배덕배,,,,,,,3.0,5.0,3.0,,,,
340,LV 4 도미노ㅂ,,,,,3.0,5.0,3.0,,,,,,
341,LV 4 돌체라떼0,,,,,,3.0,5.0,3.0,,,,,
342,LV 4 동동쓰스,,,,3.0,5.0,3.0,,,,,,,
343,LV 4 동원참취,,,,,,,,3.0,5.0,3.0,,,
344,LV 4 따 구,,,3.0,5.0,3.0,,,,,,,,
345,LV 4 막을수없는슈팅,,,,3.0,5.0,3.0,,,,,,,
346,LV 4 멤버_08fe1c031c3d,,,,,,3.0,5.0,3.0,,,,,
347,LV 4 멤버_5b05a9efeb4d,,,,,,3.0,5.0,3.0,,,,,
348,LV 4 멤버_b43421bc5a83,,,,,,,3.0,5.0,3.0,,,,
349,LV 4 멤버_dc6cf10d3b13,,,,,3.0,5.0,3.0,,,,,,
350,LV 4 무송사,,,,3.0,5.0,3.0,,,,,,,
351,LV 4 미포스춘,,,,,,,3.0,5.0,3.0,,,,
352,LV 4 민초90,,,,,3.0,5.0,3.0,,,,,,
353,LV 4 박지용마미,,,,,,,,,3.0,5.0,3.0,,
354,LV 4 비이리글,,,,,,3.0,5.0,3.0,,,,,
355,LV 4 빵나요,,,,,3.0,5.0,3.0,,,,,,
356,LV 4 세컨드 디너,,,,3.0,5.0,3.0,,,,,,,
357,LV 4 센슬,,,,3.0,5.0,3.0,,,,,,,
358,LV 4 스탠스미스살까,,,,,,,,3.0,5.0,3.0,,,
359,LV 4 승도,,3.0,5.0,3.0,,,,,,,,,
360,LV 4 신작이,,,,,,,,3.0,5.0,3.0,,,
361,LV 4 썬신사,,,,,,3.0,5.0,3.0,,,,,
362,LV 4 어어둉,,,,,3.0,5.0,3.0,,,,,,
363,LV 4 엄탠다,,,,,,3.0,5.0,3.0,,,,,
364,LV 4 연리지나무,,,,3.0,4.0,4.0,,,,,,,
365,LV 4 예쁜꽃게,,,,,,3.0,5.0,3.0,,,,,
366,LV 4 우랄라우아,,,,,,,3.0,5.0,3.0,,,,
367,LV 4 윕실론제이,,3.0,5.0,3.0,,,,,,,,,
368,LV 4 윤그래님,,,,,,,,3.0,5.0,3.0,,,
369,LV 4 으도으도,,,,,,,3.0,5.0,3.0,,,,
370,LV 4 으히힝히,5.0,3.0,,,,3.0,5.0,3.0,,,,,
371,LV 4 응븝응븝응,,,,3.0,5.0,3.0,,,,,,,
372,LV 4 읭읭이읭읭,,,,,,3.0,5.0,3.0,,,,,
373,LV 4 이지브로21,,,,3.0,5.0,3.0,,,,,,,
374,LV 4 잉처리,,,,,,3.0,5.0,3.0,,,,,
375,LV 4 전정호12,,,,3.0,5.0,3.0,,,,,,,
376,LV 4 정크로,,,,,,,3.0,5.0,3.0,,,,
377,LV 4 조인준,,,,,,3.0,5.0,3.0,,,,,
378,LV 4 조쿠나조아0226,,,,,3.0,5.0,3.0,,,,,,
379,LV 4 주돌프,,,,,,3.0,5.0,3.0,,,,,
380,LV 4 주혜남친,,,,,,,3.0,5.0,3.0,,,,
381,LV 4 지미듀데스키,,,,,,,,,,3.0,5.0,3.0,
382,LV 4 진꾸리,,,,,,,3.0,5.0,3.0,,,,
383,LV 4 진봄이뀨,,,,,,3.0,5.0,3.0,,,,,
384,LV 4 체리2222,,,,,,3.0,5.0,3.0,,,,,
385,LV 4 촉박맨,,,,3.0,5.0,3.0,,,,,,,
386,LV 4 최감독이,,,,,3.0,5.0,3.0,,,,,,
387,LV 4 최강이될남자,,,,,,,,,,3.0,5.0,3.0,
388,LV 4 코코라옹,,,,,3.0,5.0,3.0,,,,,,
389,LV 4 코핫코세,,,,,3.0,5.0,3.0,,,,,,
390,LV 4 크하앙,,,,,3.0,5.0,3.0,,,,,,
391,LV 4 킵고잉~~,,,,,,,3.0,5.0,3.0,,,,
392,LV 4 탕캣,,,,3.0,5.0,3.0,,,,,,,
393,LV 4 태라2,3.0,5.0,3.0,,,,,,,,,,
394,LV 4 토베기,,,,,,3.0,5.0,3.0,,,,,
395,LV 4 팝콘팡준,,,,,3.0,5.0,3.0,,,,,,
396,LV 4 패몰,,,,3.0,5.0,3.0,,,,,,,
397,LV 4 패션왕욱이,,,3.0,5.0,3.0,,,,,,,,
398,LV 4 평범한건호,,,,,,,,,3.0,5.0,3.0,,
399,LV 4 필로00,3.0,5.0,3.0,,,,,,,,,,
400,LV 4 한뜽뚜,,,,,3.0,5.0,3.0,,,,,,
401,LV 4 한앤피스,,,,,,,3.0,5.0,3.0,,,,
402,LV 4 후체,,,,,,,,3.0,5.0,3.0,,,
403,LV 4 흑기사여원샷,,,,3.0,5.0,3.0,,,,,,,
404,LV 5 .Allday,,,,,3.0,5.0,3.0,,,,,,
405,LV 5 001718,,,,,,3.0,5.0,3.0,,,,,
406,LV 5 178542,,,,,,3.0,5.0,3.0,,,,,
407,LV 5 70턱걸이,,,,3.0,5.0,3.0,,,,,,,
408,LV 5 AAAA666,,,,,3.0,5.0,3.0,,,,,,
409,LV 5 Alwayseo,,,,,,,3.0,5.0,3.0,,,,
410,LV 5 Azham,,,,,,,,,3.0,5.0,3.0,,
411,LV 5 Check75,,,,,3.0,5.0,3.0,,,,,,
412,LV 5 Colpdlay,,3.0,5.0,3.0,,,,,,,,,
413,LV 5 Dy.ray,,,,,,,3.0,5.0,3.0,,,,
414,LV 5 EIS23,,,,,,,,,3.0,5.0,3.0,,
415,LV 5 Elnn,,,,3.0,5.0,3.0,,,,,,,
416,LV 5 Euihyun,,,,,,,3.0,5.0,3.0,,,,
417,LV 5 FTBT,,,,,,,,,3.0,5.0,3.0,,
418,LV 5 Gggggrow,,,,,,,3.0,5.0,3.0,,,,
419,LV 5 Green_tea,,,,3.0,5.0,3.0,,,,,,,
420,LV 5 Kuany,,,,,3.0,5.0,3.0,,,,,,
421,LV 5 Mensyo,,,,,,,3.0,5.0,3.0,,,,
422,LV 5 Nu4575,,,,3.0,5.0,3.0,,,,,,,
423,LV 5 Paken,,,,,3.0,5.0,3.0,,,,,,
424,LV 5 Sjw33,,,3.0,5.0,3.0,,,,,,,,
425,LV 5 ToRi.,,,,,,,3.0,5.0,3.0,,,,
426,LV 5 VUL1CAN,,,,,,3.0,5.0,3.0,,,,,
427,LV 5 YGB77,,,,,,3.0,5.0,3.0,,,,,
428,LV 5 Zdjej,,,,,,3.0,5.0,3.0,,,,,
429,LV 5 ahnpd,,,,,,,,3.0,5.0,3.0,,,
430,LV 5 atzg,,,,3.0,5.0,3.0,,,,,,,
431,LV 5 bazzy1,,,,,,3.0,5.0,3.0,,,,,
432,LV 5 dddongs,,,,,,,3.0,5.0,3.0,,,,
433,LV 5 fosh_10,,,,,3.0,5.0,3.0,,,,,,
434,LV 5 hearthe,,,,3.0,5.0,3.0,,,,,,,
435,LV 5 herh115,,,,,,,3.0,5.0,3.0,,,,
436,LV 5 hood715,,,,,,3.0,5.0,3.0,,,,,
437,LV 5 ismw,,,,,3.0,5.0,3.0,,,,,,
438,LV 5 j.k.d,,,3.0,5.0,3.0,,,,,,,,
439,LV 5 kimwh99,,,,,,,,3.0,5.0,3.0,,,
440,LV 5 kjin77,,,,,,,3.0,5.0,3.0,,,,
441,LV 5 python488,,3.0,5.0,3.0,,,,,,,,,
442,LV 5 resjde,,,,,,,3.0,5.0,3.0,,,,
443,LV 5 son3128,,,,,,,3.0,5.0,3.0,,,,
444,LV 5 stylist주도,,,,,3.0,5.0,3.0,,,,,,
445,LV 5 wlsyspr,,,,,,3.0,5.0,3.0,,,,,
446,LV 5 yiyi77,,,,,3.0,5.0,3.0,,,,,,
447,LV 5 ㄲㅉㅇ,5.0,3.0,,,,,,,,,,,
448,LV 5 ㅇㅇㄲㅃ,,3.0,5.0,3.0,,,,,,,,,
449,LV 5 간호사스타킹,,,,,,3.0,5.0,3.0,,,,,
450,LV 5 강검댕,,,,3.0,5.0,3.0,,,,,,,
451,LV 5 개똥이아부지,,,,,,,3.0,5.0,3.0,,,,
452,LV 5 개루박두,,,,,,,3.0,5.0,3.0,,,,
453,LV 5 검하나,,,,,,3.0,5.0,3.0,,,,,
454,LV 5 경리,,,,,3.0,5.0,3.0,,,,,,
455,LV 5 구글몬느,,,,,,,3.0,5.0,3.0,,,,
456,LV 5 구립,,,,3.0,5.0,3.0,,,,,,,
457,LV 5 규쟝,,,,,,3.0,5.0,3.0,,,,,
458,LV 5 그가그린기린그림,,,,,,,,3.0,4.0,4.0,,,
459,LV 5 그랑죠사촌,,,,3.0,5.0,3.0,,,,,,,
460,LV 5 금산간디,,,,,,,,3.0,5.0,3.0,,,
461,LV 5 김탱완,,,,,,3.0,5.0,3.0,,,,,
462,LV 5 까까제국,,3.0,5.0,3.0,,,,,,,,,
463,LV 5 나르기혁,,,,3.0,5.0,3.0,,,,,,,
464,LV 5 나른한 오후햇살,,,,,,,,3.0,5.0,3.0,,,
465,LV 5 남엽,,,,,,,,,3.0,5.0,3.0,,
466,LV 5 내일도한량,,,,,,3.0,5.0,3.0,,,,,
467,LV 5 녹차보이,,3.0,5.0,3.0,,,,,,,,,
468,LV 5 뉴비_22441621,,,,,,3.0,5.0,3.0,,,,,
469,LV 5 뉴비_316c9942,,,,,,,,,3.0,5.0,3.0,,
470,LV 5 뉴비_627cac17f2cb,,,,,,,,,,3.0,5.0,3.0,
471,LV 5 뉴비_7a93010e,,,,,3.0,5.0,3.0,,,,,,
472,LV 5 뉴비_7cfe07e1,,,,,,3.0,5.0,3.0,,,,,
473,LV 5 뉴비_9860aa8c,,,,,3.0,5.0,3.0,,,,,,
474,LV 5 뉴비_9a3d9ba,,,,,3.0,5.0,3.0,,,,,,
475,LV 5 다크아이,,,,,3.0,5.0,3.0,,,,,,
476,LV 5 달바람,,,,,3.0,5.0,3.0,,,,,,
477,LV 5 대뀨잉,,,,,,,3.0,5.0,3.0,,,,
478,LV 5 도민우,,,,,3.0,5.0,3.0,,,,,,
479,LV 5 도민잉,,,,,,3.0,5.0,3.0,,,,,
480,LV 5 돼보,,,,,,,,,3.0,5.0,3.0,,
481,LV 5 두두뀨,,,,3.0,5.0,3.0,,,,,,,
482,LV 5 떠돌이 이방인,,,,3.0,5.0,3.0,,,,,,,
483,LV 5 럭키화이트,,,,,,,,3.0,5.0,3.0,,,
484,LV 5 로또리치,,,,,,,3.0,5.0,3.0,,,,
485,LV 5 로맨틱 팬더씨,,,,,3.0,5.0,3.0,,,,,,
486,LV 5 루화랑,,,3.0,5.0,3.0,,,,,,,,
487,LV 5 르닝98,,,3.0,5.0,3.0,,,,,,,,
488,LV 5 리로렝,,,,,,,,,3.0,5.0,3.0,,
489,LV 5 마늘통닭,,,3.0,5.0,3.0,,,,,,,,
490,LV 5 마리어워,,,,,,3.0,5.0,3.0,,,,,
491,LV 5 마스다,,,,,,,,3.0,5.0,3.0,,,
492,LV 5 마지노1208,3.0,5.0,3.0,,,,,,,,,,
493,LV 5 매일이쁘게입자,,3.0,5.0,3.0,,,,,,,,,
494,LV 5 매클린,,,,,,3.0,5.0,3.0,,,,,
495,LV 5 맨동야,,,,,,3.0,5.0,3.0,,,,,
496,LV 5 멤버_a177e63830ae,,,,,,,3.0,5.0,3.0,,,,
497,LV 5 목포유달산,,,,,,,,3.0,5.0,3.0,,,
498,LV 5 무으엉,,,,,,3.0,5.0,3.0,,,,,
499,LV 5 문찐5371,,,,,,3.0,5.0,3.0,,,,,
500,LV 5 므르글부르글,,,,,,3.0,5.0,3.0,,,,,
501,LV 5 바실로마첸커,,,,,,3.0,5.0,3.0,,,,,
502,LV 5 박스줍는노인,,,,,3.0,5.0,3.0,,,,,,
503,LV 5 박캉테,,,,,,3.0,5.0,3.0,,,,,
504,LV 5 버질아왜불로,,,,,,,,3.0,5.0,3.0,,,
505,LV 5 벤시몽,,,,,,,3.0,5.0,3.0,,,,
506,LV 5 별방지기,,,,,,,3.0,5.0,3.0,,,,
507,LV 5 부쓱,,,,,,,3.0,5.0,3.0,,,,
508,LV 5 불방새,,,,,,,,,3.0,5.0,3.0,,
509,LV 5 비앙키이,,,,,,3.0,5.0,3.0,,,,,
510,LV 5 뽀루밍정,,,,,,3.0,5.0,3.0,,,,,
511,LV 5 사랑꾼정원이,,3.0,5.0,3.0,,,,,,,,,
512,LV 5 사학자,,,,,,,,,3.0,5.0,3.0,,
513,LV 5 샬라샬,,,,,,,,,3.0,5.0,3.0,,
514,LV 5 섀디,,,,,,,3.0,5.0,3.0,,,,
515,LV 5 섭이요1,,,,,3.0,5.0,3.0,,,,,,
516,LV 5 성대경제,,,,,,3.0,5.0,3.0,,,,,
517,LV 5 수방노,,,,,,3.0,5.0,3.0,,,,,
518,LV 5 수안아빠,,,,,,,,3.0,5.0,3.0,,,
519,LV 5 쉬지않고달려,,,,,,3.0,5.0,3.0,,,,,
520,LV 5 신사숙녀여러분다사랑해,,,3.0,5.0,3.0,,,,,,,,
521,LV 5 신승협,,,,,,,3.0,5.0,3.0,,,,
522,LV 5 실버_2011fa7a881e,,,,,,3.0,5.0,3.0,,,,,
523,LV 5 실버_ad5e081f7de6,,,,,3.0,5.0,3.0,,,,,,
524,LV 5 아드리카,,,,,,3.0,5.0,3.0,,,,,
525,LV 5 안병준님,,,,,3.0,5.0,3.0,,,,,,
526,LV 5 앤트맨과와스프,,,,,,,3.0,5.0,3.0,,,,
527,LV 5 엄텨,,,,3.0,5.0,3.0,,,,,,,
528,LV 5 엠씨스님스,,,,,,3.0,5.0,3.0,,,,,
529,LV 5 옷알못임니다,,,3.0,5.0,3.0,,,,,,,,
530,LV 5 옷은있어도없는것,,,3.0,5.0,3.0,,,,,,,,
531,LV 5 옷이날개인데,,,,,,,,,3.0,5.0,3.0,,
532,LV 5 우형제빠더,,,,,,,,3.0,5.0,3.0,,,
533,LV 5 으갱이,,,,,3.0,5.0,3.0,,,,,,
534,LV 5 의경수경,,,,,,,,3.0,5.0,3.0,,,
535,LV 5 이김지유삐,,,,,,,3.0,5.0,3.0,,,,
536,LV 5 입롤의 왕자,,,,,,,3.0,5.0,3.0,,,,
537,LV 5 자기관리 끝판왕,,,,,3.0,5.0,3.0,,,,,,
538,LV 5 점만,,,,3.0,5.0,3.0,,,,,,,
539,LV 5 정월,,,,,,3.0,5.0,3.0,,,,,
540,LV 5 제발편해져라,,,,,,,,3.0,5.0,3.0,,,
541,LV 5 종각역멸치주먹,,,,,,3.0,5.0,3.0,,,,,
542,LV 5 좋은날ㅆ,,,,3.0,5.0,3.0,,,,,,,
543,LV 5 주넹이_,,,,3.0,5.0,3.0,,,,,,,
544,LV 5 준준준si,,,,,3.0,5.0,3.0,,,,,,
545,LV 5 쭈 하이,,,,,3.0,5.0,3.0,,,,,,
546,LV 5 최용녀,,3.0,5.0,3.0,,,,,,,,,
547,LV 5 치리리루루,,,,,,,3.0,5.0,3.0,,,,
548,LV 5 친구얌,,,3.0,5.0,3.0,,,,,,,,
549,LV 5 칡술s,,,,,-0.5,,,,,,,,
550,LV 5 카12붐,,,,,,,3.0,5.0,3.0,,,,
551,LV 5 캡틴마린,,,,,,,,3.0,5.0,3.0,,,
552,LV 5 캬룩,,,,3.0,5.0,3.0,,,,,,,
553,LV 5 켈리클락,,,,,3.0,5.0,3.0,,,,,,
554,LV 5 콩먹는콩국수,,,,3.0,5.0,3.0,,,,,,,
555,LV 5 쿠리네,,,,,,,,,,,3.0,5.0,
556,LV 5 클로버로드,,,,,3.0,5.0,3.0,,,,,,
557,LV 5 킥킥기,,,,,,,,,3.0,5.0,3.0,,
558,LV 5 태주랑,,,,,,3.0,5.0,3.0,,,,,
559,LV 5 툐마툐,,3.0,4.0,4.0,,,,,,,,,
560,LV 5 트랠,,3.0,5.0,3.0,,,,,,,,,
561,LV 5 특별히 큰 왕만두,,,,,,,,,,3.0,5.0,3.0,
562,LV 5 패고진,,,,,,,,3.0,5.0,3.0,,,
563,LV 5 포돌엽상,,,,,3.0,5.0,3.0,,,,,,
564,LV 5 푹쉬라,,,,,,3.0,5.0,3.0,,,,,
565,LV 5 핑듀~,,,,,3.0,5.0,3.0,,,,,,
566,LV 5 하늘2213,,,,,,,,3.0,5.0,3.0,,,
567,LV 5 혹고탕,,,,,,,,3.0,5.0,3.0,,,
568,LV 5 휴군,,,,,,,,,3.0,5.0,3.0,,
569,LV 5 히힙힙하,,,,,,,,3.0,5.0,3.0,,,
570,LV 6 ArsenQ7,,3.0,5.0,3.0,,,,,,,,,
571,LV 6 BLUE_BLUW,,,,3.0,5.0,3.0,,,,,,,
572,LV 6 Cwjcwj,,,,,3.0,5.0,3.0,,,,,,
573,LV 6 Itrmrh,,,,,,-0.3333333333333333,,,,,,,
574,LV 6 Joon03,,,,,,3.0,5.0,3.0,,,,,
575,LV 6 Seo....,,3.0,5.0,3.0,,,,,,,,,
576,LV 6 Starbucks@,,,,3.0,5.0,3.0,,,,,,,
577,LV 6 hgh1,,,,,,3.0,5.0,3.0,,,,,
578,LV 6 kch201,,,,,3.0,5.0,3.0,,,,,,
579,LV 6 kim__yongjin,,,,3.0,5.0,3.0,,,,,,,
580,LV 6 skku52,,,,,,3.0,5.0,3.0,,,,,
581,LV 6 univ255,,,,,,3.0,5.0,3.0,,,,,
582,LV 6 yh4271,,,,,,,,,3.0,5.0,3.0,,
583,LV 6 기동경찰,,,,,3.0,5.0,3.0,,,,,,
584,LV 6 김살라,,,,,,3.0,5.0,3.0,,,,,
585,LV 6 뉴비_d62cec4a,,,,,,3.0,5.0,3.0,,,,,
586,LV 6 대륜고등학교,,,,3.0,5.0,3.0,,,,,,,
587,LV 6 더프레즌트,,,,3.0,5.0,3.0,,,,,,,
588,LV 6 라가하,,,,,,,3.0,5.0,3.0,,,,
589,LV 6 멸칫다리,,,,,,,3.0,5.0,3.0,,,,
590,LV 6 봄비입니다,,,,,3.0,5.0,3.0,,,,,,
591,LV 6 빙구요시,,,,3.0,5.0,3.0,,3.0,5.0,3.0,,,
592,LV 6 슈퍼정자,,,,,,,,3.0,5.0,3.0,,,
593,LV 6 승로찡,,,,,3.0,5.0,3.0,,,,,,
594,LV 6 신의사위,,,,,3.0,5.0,3.0,,,,,,
595,LV 6 악부,,,,,,,,3.0,5.0,3.0,,,
596,LV 6 얌야무얌,,,,,,3.0,5.0,3.0,,,,,
597,LV 6 엘라이,,3.0,5.0,3.0,,,,,,,,,
598,LV 6 와이드핏어려워요,,,,3.0,5.0,3.0,,,,,,,
599,LV 6 우럭이우럭다,,,,,,3.0,5.0,3.0,,,,,
600,LV 6 우주최강끼끼,,,,,,,,3.0,5.0,3.0,,,
601,LV 6 원불02,,,,,,3.0,5.0,3.0,,,,,
602,LV 6 응그거안통해,,,,,,,,,3.0,5.0,3.0,,
603,LV 6 이게되네요,,,3.0,5.0,3.0,,,,,,,,
604,LV 6 장에는윌,,,,3.0,5.0,3.0,,,,,,,
605,LV 6 준보이,,,,3.0,5.0,3.0,,,,,,,
606,LV 6 지키지키지키지,,,,,,,,3.0,5.0,3.0,,,
607,LV 6 집에가고싶다...,,,,3.0,5.0,3.0,,,,,,,
608,LV 6 칸피,,,,3.0,5.0,3.0,,,,,,,
609,LV 6 터프가위1,,,,,,3.0,5.0,3.0,,,,,
610,LV 6 털보네청포도,,,,,,,,,3.0,4.0,4.0,,
611,LV 6 팡123,,,3.0,5.0,3.0,,,,,,,,
612,LV 6 팡철이,,,3.0,5.0,3.0,,,,,,,,
613,LV 6 패션의시작은몸,,,,,3.0,5.0,3.0,,,,,,
614,LV 6 패션폭격기,,,,,,3.0,5.0,3.0,,,,,
615,LV 6 퍼써미,,,,,3.0,5.0,3.0,,,,,,
616,LV 6 하반기,,,,,,3.0,5.0,3.0,,,,,
617,LV 6 확실하게해봄,,,,,,3.0,5.0,3.0,,,,,
618,LV 6 확찐자ㅏ,,,,,,,,3.0,5.0,3.0,,,
619,LV 6 후후하후하,,,,3.0,5.0,3.0,,,,,,,
620,LV 7 aabbddc,,,,3.0,5.0,3.0,,,,,,,
621,LV 7 기태에에에요,,,,,,,,3.0,5.0,3.0,,,
622,LV 7 따뜻한_아아,,,,,,3.0,5.0,3.0,,,,,
623,LV 7 무지성랄뚜기,,,,,,,3.0,5.0,3.0,,,,
624,LV 7 방실방실해,,,,,,3.0,5.0,3.0,,,,,
625,LV 7 번방의 선물,,3.0,5.0,3.0,,,,,,,,,
626,LV 7 엠씨김꾼,,,,3.0,5.0,3.0,,,,,,,
627,LV 7 옷사요11,,,,,,,3.0,5.0,3.0,,,,
628,LV 7 우우우핸,,,,,,,,,3.0,5.0,3.0,,
629,LV 7 작은섬광,,,,,3.0,5.0,3.0,,,,,,
630,LV 7 최영준이,,,,,,3.0,5.0,3.0,,,,,
631,LV 7 패린이성지,,,,,3.0,5.0,3.0,,,,,,
632,LV 7 하얀곰팅이,,,,,,,,3.0,5.0,3.0,,,
633,LV 8 엄지플립4축하,,,,,,3.0,5.0,3.0,,,,,
