user,26,27,28,29,30,31,32,33,34,36,38,40
LV 2 [ㅡ3ㅡ],,,0.0,,,,,,,,,
LV 2 겅부경경경,,,,,,,,,,,0.0,
LV 2 게리!,,,,,,,0.0,,,,,
LV 2 근육질소년,,,,,,,,,-1.0,,,
LV 2 눈빛준,,,,-1.0,,,,,,,,
LV 2 뉴비_118ba431c91e,,,,0.0,,,,,,,,
LV 2 뉴비_44c128dae246,,,,,,,0.0,,,,,
LV 2 뉴비_4b427d49d53c,,,,,,0.0,,,,,,
LV 2 뉴비_5d5ebe0ff0f9,,,,,,,1.0,,,,,
LV 2 뉴비_6a27e93e8cd7,,,,,,0.0,,,,,,
LV 2 뉴비_6be29ef55298,,,,,0.0,,,,,,,
LV 2 뉴비_71ea350d62f0,,,,,0.0,,,,,,,
LV 2 뉴비_a19279155106,,1.0,,,,,,,,,,
LV 2 뉴비_b8f2c6512c2c,,,,,1.0,,,,,,,
LV 2 뉴비_db1c86960a05,,,0.0,,,,,,,,,
LV 2 미대갈래요,,,-1.0,,,,,,,,,
LV 2 빵떡이얌,,,,,,,,0.0,,,,
LV 2 서초동종마,,,,,,,,,,0.0,,
LV 2 약주병,,,,,0.0,,,,,,,
LV 2 잉 기,,,,,0.0,,,,,,,
LV 2 켚켚,,,,,0.0,,,,,,,
LV 3 1등하는그날까,,,,,,,0.0,,,,,
LV 3 1우기,,,,,0.0,,,,,,,
LV 3 7.00,,,,,,,,,,0.0,,
LV 3 Alsodkeucp,,,0.0,,,,,,,,,
LV 3 B26,,,-1.0,,,,,,,,,
LV 3 CD: 9300,,,,-1.0,,,,,,,,
LV 3 DCTECO,,,,,,0.0,,,,,,
LV 3 EE-SIEG,,,,,,0.0,,,,,,
LV 3 Flerna,0.0,,,,,,,,,,,
LV 3 INLOVEWITHH,,,,,,,,0.0,,,,
LV 3 Jeeth,,,,,,,,0.0,,,,
LV 3 Jhong105,,,,0.0,,,,,,,,
LV 3 JjWwP,,,,,0.0,,,,,,,
LV 3 Kyeong서,,,,,,0.0,,,,,,
LV 3 Libertine,,,,,,,0.0,,,,,
LV 3 NYPDD,,,,,,,,,0.0,,,
LV 3 P.s.1,,,,,,,,0.0,,,,
LV 3 RH.KIM,,,,,,0.0,,,,,,
LV 3 RRR7,,,,,,,,,0.0,,,
LV 3 SCMinnovator,,,,,,,,0.0,,,,
LV 3 Sjinday,,,,,,,,0.0,,,,
LV 3 Syhann179,,,0.0,,,,,,,,,
LV 3 Violaa,,,,,0.0,,,,,,,
LV 3 Zakkkkk,,,,,,,,,,0.0,,
LV 3 ahbvc,,,,,0.0,,,,,,,
LV 3 ambivert,,,,,,,0.0,,,,,
LV 3 eloque,,,,,,,,,0.0,,,
LV 3 fce_jh,,,,,0.0,,,,,,,
LV 3 jumtto,,,,0.0,,,,,,,,
LV 3 makka,,,,,0.0,,,,,,,
LV 3 mariepr,,,,0.0,,,,,,,,
LV 3 namdanvinh,,,,,,,0.0,,,,,
LV 3 psh2610,,,,,0.0,,,,,,,
LV 3 rjtjd,,,,,,0.0,,,,,,
LV 3 y_21.cy6,,,,,,,,0.0,,,,
LV 3 |l|l|l|l|l|l|l|,,,,0.0,,,,,,,,
LV 3 가식적인미소,,,,,0.0,,,,,,,
LV 3 간지나게산다,,,,0.0,,,,,,,,
LV 3 곰망스,,,,,,,0.0,,,,,
LV 3 구구재,,,,,,,,0.0,,,,
LV 3 권혁년,,,,,0.0,,,,,,,
LV 3 그랑이쨍그랑,,,,,,0.0,,,,,,
LV 3 금설탕이,,,,,,,,0.0,,,,
LV 3 기모123띠,,,,,,,0.0,,,,,
LV 3 김두산이,,,,,,,0.0,,,,,
LV 3 김씨아재87,,,,,,,,,,0.0,,
LV 3 김짱우,,,,,0.0,,,,,,,
LV 3 깔롱쟁이~,,,,,,,,0.0,,,,
LV 3 깜씨흑구,,,,,,,0.0,0.0,,,,
LV 3 꽁소원,,,,,,,,0.0,,,,
LV 3 꿀복칩,,,,,,,0.0,,,,,
LV 3 뀨오잉영,,,0.0,,,,,,,,,
LV 3 나는야보겸,,,0.0,,,,,,,,,
LV 3 너란병아리,,,,,,,0.0,,,,,
LV 3 노페피,,,,,0.0,,,,,,,
LV 3 뉴비_00dfc7e3e834,,,,,0.0,,,,,,,
LV 3 뉴비_08ce9be7ce25,,,,,,,,0.0,,,,
LV 3 뉴비_09ad1ca1ab21,,,,0.0,,,,,,,,
LV 3 뉴비_1724aaab7d42,,,,,,,,,,1.0,,
LV 3 뉴비_173d3046,,,,,,,-1.0,,,,,
LV 3 뉴비_17956e96bb71,,,,,0.0,,,,,,,
LV 3 뉴비_198f259d478f,,,,,,-1.0,,,,,,
LV 3 뉴비_1c43eb209847,,,,,,,,,0.0,,,
LV 3 뉴비_1dfec59e,,,,,,,,,0.0,,,
LV 3 뉴비_1e779da2d20a,,,,,,,0.0,,,,,
LV 3 뉴비_1efe1170210d,,,,,0.0,,,,,,,
LV 3 뉴비_1f59d330,,,,,,,0.0,,,,,
LV 3 뉴비_2219ef9b12df,,,,,,,0.0,,,,,
LV 3 뉴비_23677b8701c3,,,,0.0,,,,,,,,
LV 3 뉴비_23b86d216a33,,,,,,,0.0,,,,,
LV 3 뉴비_2d6de28c,,,,,0.0,,,,,,,
LV 3 뉴비_38c0b2cb,,,,,,,,,0.0,,,
LV 3 뉴비_39005e1131e0,,,0.0,,,,,,,,,
LV 3 뉴비_3dbd9771,,,,,,,0.0,,,,,
LV 3 뉴비_425e99eede64,,-1.0,,,,,,,,,,
LV 3 뉴비_42d19de8b1d5,,,,0.0,,,,,,,,
LV 3 뉴비_43ec177a,,,,,,0.0,,,,,,
LV 3 뉴비_45811651,,,,,,,,,,0.0,,
LV 3 뉴비_49d04aea,,,,,0.0,,,,,,,
LV 3 뉴비_4bf1fdab2e04,,,,,0.0,,,,,,,
LV 3 뉴비_52d30843,,,,,,0.0,,,,,,
LV 3 뉴비_541f91c41bdf,,0.0,,,,,,,,,,
LV 3 뉴비_54e289df0e3e,,,,0.0,,,,,,,,
LV 3 뉴비_624c5d48,,,,0.0,,,,,,,,
LV 3 뉴비_6dfcc3949248,,,,,,0.0,,,,,,
LV 3 뉴비_6f7aa08a,,,,,,0.0,,,,,,
LV 3 뉴비_75692ab604f1,,,,,0.0,,,,,,,
LV 3 뉴비_75a85e447f09,,,,,0.0,,,,,,,
LV 3 뉴비_75a8b075,,,,,,,0.0,,,,,
LV 3 뉴비_791ae8be,,,,,,,0.0,,,,,
LV 3 뉴비_7ad2a5de2c0a,,,,,,,,0.0,,,,
LV 3 뉴비_7ed1773c,,,,,0.0,,,,,,,
LV 3 뉴비_812fd411,,,,,,,0.0,,,,,
LV 3 뉴비_836c4a8120c0,,,,0.0,0.0,,,,,,,
LV 3 뉴비_836c6fcf2a3b,,,,0.0,,,,,,,,
LV 3 뉴비_8700660c,,,,,0.0,,,,,,,
LV 3 뉴비_87f979ccbff9,,,,,,,,0.0,,,,
LV 3 뉴비_8982a073e999,,,,,,,0.0,,,,,
LV 3 뉴비_8d39d0ced10b,,,,,,,0.0,,,,,
LV 3 뉴비_8e536b26,,0.0,,,,,,,,,,
LV 3 뉴비_913cca0269d0,,,,,,,,0.0,,,,
LV 3 뉴비_93e268dba69e,,,,,,,0.0,,,,,
LV 3 뉴비_967380255ea2,,,,,,0.0,,,,,,
LV 3 뉴비_9ad5d75a4f66,,,,,,,,,0.0,,,
LV 3 뉴비_9f552dec,,0.0,,,,,,,,,,
LV 3 뉴비_a2740ef3,,,,,,,0.0,,,,,
LV 3 뉴비_a95580c1f41e,,,,-1.0,,,,,,,,
LV 3 뉴비_aa3d1cb0,,,,,,,,,,,0.0,
LV 3 뉴비_b55b5fdc,,,,,,0.0,,,,,,
LV 3 뉴비_b619dc1ad893,,,,,,,,0.0,,,,
LV 3 뉴비_b6cb34c2452d,,,,,,,0.0,,,,,
LV 3 뉴비_b8d0a092db68,,,,,,,,,0.0,,,
LV 3 뉴비_bd44b98b9337,,,,,,,,,0.0,,,
LV 3 뉴비_c311ac5c0deb,,,,,,,0.0,,,,,
LV 3 뉴비_c5b636ba,,,,,,,0.0,,,,,
LV 3 뉴비_c650cc1cebcd,0.0,,,,,,,,,,,
LV 3 뉴비_cea14c6b,,,,,,0.0,,,,,,
LV 3 뉴비_d0be4dc1,,,,,,,0.0,,,,,
LV 3 뉴비_d3af97e20049,,,0.0,,,,,,,,,
LV 3 뉴비_d45f0414,,,0.0,,,,,,,,,
LV 3 뉴비_d59cf901,,,,-1.0,,,,,,,,
LV 3 뉴비_d86601a8e5d6,,,,,,,-1.0,,,,,
LV 3 뉴비_d9200d38,,,,,,,,,0.0,,,
LV 3 뉴비_dbd939ba,,,,,,0.0,,,,,,
LV 3 뉴비_e4ca6d79,,,,,0.0,,,,,,,
LV 3 뉴비_e78643ca99cd,,,,,,,0.0,,,,,
LV 3 뉴비_ed6471cbbfae,,,,,,0.0,,,,,,
LV 3 뉴비_ee8453eaa0da,,,,,,0.0,,,,,,
LV 3 뉴비_f0ccac79,,,,,0.0,,,,,,,
LV 3 뉴비_f4262bf5de4c,,,,,1.0,,,,,,,
LV 3 뉴비_fe6f3763ed8f,,,0.0,,,,,,,,,
LV 3 뉴비_ff4deb09,,,,,,,,,0.0,,,
LV 3 뉴비스트777,,,,,,,,,0.0,,,
LV 3 늙고지친 작생 헌내기,,,,,1.0,,,,,,,
LV 3 늭네밈,,,,,,,,,0.0,,,
LV 3 단발좌,,,,,,-1.0,,,,,,
LV 3 달콤한인생1984,,,,,,,,,0.0,,,
LV 3 도밍고야,,,,,,,1.0,,,,,
LV 3 돌고래 조련사,,,,,,,,,0.0,,,
LV 3 두루치기김말자,,,,,,0.0,,,,,,
LV 3 드가즈아,,,,,0.0,,,,,,,
LV 3 들장미소,,,,,0.0,,,,,,,
LV 3 디피케,,,,,0.0,0.0,,,,,,
LV 3 딱딱한 성현,,,,,,,,,0.0,,,
LV 3 또기의옷장,,,,,,,,,1.0,,,
LV 3 똥빱치,,,,,,,,0.0,,,,
LV 3 렝비이,,,,,,,0.0,,,,,
LV 3 로버트스미스,,,0.0,,,,,,,,,
LV 3 루키_63bbcaf19e01,,,,0.0,,,,,,,,
LV 3 루키_cb1d9e35d11b,,,,,0.0,,,,,,,
LV 3 류유영준,,,,,,,0.0,,,,,
LV 3 마마마마마마,,,,,,,0.0,,,,,
LV 3 만두6,,,0.0,,,,,,,,,
LV 3 맥반석남자,,,,,,,,0.0,,,,
LV 3 멈출수없는충동구매,,,,,0.0,,,,,,,
LV 3 멤버_4b7d61b2a53a,,,,,,0.0,,,,,,
LV 3 멤버_6342605a489f,,,,,,,0.0,,,,,
LV 3 멤버_6a9a09ba1d8d,,,,,,,0.0,,,,,
LV 3 멤버_914317439bb0,,,,,,,0.0,,,,,
LV 3 멤버_e6db70bac0ff,,,,,,,,,,0.0,,
LV 3 몽멍이오,,,,,,,,0.0,,,,
LV 3 무닮은신사,,,,,,,0.0,,,,,
LV 3 뮤시뮤시해요,,,,,,,0.0,,,,,
LV 3 밀킹스,,,,,,,,,,,0.0,
LV 3 박상우입니다앙,,,,,,,,,-1.0,,,
LV 3 백트로,,,,0.0,,,,,,,,
LV 3 베커엄,,,,,,,0.0,,,,,
LV 3 별 우진사랑,,,,,,,0.0,,,,,
LV 3 본능저그로,,,,,0.0,,,,,,,
LV 3 뵈리우스,,,,,,,0.0,,,,,
LV 3 뿡왕뿡왕,,,,,,,,0.0,,,,
LV 3 사강훈,,,,,,,,0.0,,,,
LV 3 상근병,,,,,,,0.0,,,,,
LV 3 새벽뉴비,,,0.0,,,,,,,,,
LV 3 서스타7,,,,,,,,0.0,,,,
LV 3 선호입니다,,,,,,,0.0,,,,,
LV 3 실버스타12,,,,,,,,0.0,,,,
LV 3 쏘이커너필,,,,0.0,,,,,,,,
LV 3 아기동자김인직,,,,,,,,,0.0,,,
LV 3 아라아ㅏ랓,,0.0,,,,,,,,,,
LV 3 아랑이집사,,,,0.0,,,,,,,,
LV 3 아이스콜라,,,,,0.0,,,,,,,
LV 3 어쩌다 스물다섯,,,,,0.0,,,,,,,
LV 3 얶빵은쌍방,,,0.0,,,,,,,,,
LV 3 영재입니다.,,,,,,,0.0,,,,,
LV 3 영현이의 쇼핑목록,,,,,,0.0,,,,,,
LV 3 예스맨01,,,0.0,,,,,,,,,
LV 3 오종근이여,,,0.0,,,,,,,,,
LV 3 옷잘입고싶은김동우,,,0.0,,,,,,,,,
LV 3 와우요우오,,,,,,0.0,,,,,,
LV 3 요녀석1,,,,,,,,0.0,,,,
LV 3 용산동쌍가락지,,,,0.0,,,,,,,,
LV 3 웅이랑,,,0.0,,,,,,,,,
LV 3 육만이전자,,,,,,,,,0.0,,,
LV 3 윤슬강민짱,,,,,,,0.0,,,,,
LV 3 윤쓰파,,,,,,,0.0,,,,,
LV 3 이나스요,,,,,0.0,,,,,,,
LV 3 이이잉잉이이ㅣㅇ잉이이ㅣㅇ,,,,,,0.0,,,,,,
LV 3 이재성재이,,,,,,,,0.0,,,,
LV 3 인덕션옆신문지,,,,,-1.0,,,,,,,
LV 3 인세연,,,,-1.0,,,,,,,,
LV 3 일산토르,,,,,,,,0.0,,,,
LV 3 장유민규다,,-1.0,,,,,,,,,,
LV 3 전기인177,,,,,,0.0,,,,,,
LV 3 전태민_1108,,1.0,,,,,,,,,,
LV 3 종갼,,,,,,0.0,,,,,,
LV 3 죠아따잉,,,0.0,,,,,,,,,
LV 3 주광색,,,0.0,,,,,,,,,
LV 3 주문을외워보자샤바라바디야,,,,,,,,0.0,,,,
LV 3 짱구골프,,,,,0.0,,,,,,,
LV 3 찐뉴비이,,,,,,,,0.0,,,,
LV 3 초코롬코롬숨,,,,,,,0.0,,,,,
LV 3 최_유_찬,,,,,,,0.0,,,,,
LV 3 쿠키야랑,,,,,,,,,,0.0,,
LV 3 토르삼촌,,,,,,,,0.0,,,,
LV 3 팔각산의고수박선재,,,,,,,0.0,,,,,
LV 3 푸키막,,,,,,,,0.0,,,,
LV 3 핑요,,,,,,0.0,,,,,,
LV 3 한대피플,,,,,0.0,,,,,,,
LV 3 한잔해윤,,,,,,,,,,,0.0,
LV 3 핸보칸 양말,,,,,0.0,,,,,,,
LV 3 허성열,,,,,,,0.0,,,,,
LV 3 허성재,,,,,,,,0.0,,,,
LV 3 호이짜~,,,,,0.0,,,,,,,
LV 3 황토베개,,,,,,,,0.0,,,,
LV 3 후니스르르,,,,,0.0,,,,,,,
LV 3 휴우휴우휴우,,,0.0,,,,,,,,,
LV 4 5273388a25b0c,,,,,0.0,,,,,,,
LV 4 940517A,,,,,,,,0.0,,,,
LV 4 Chunpal,,,,0.0,,,,,,,,
LV 4 DanaPo,,,,,,,,,0.0,,,
LV 4 F355,,,,,,-1.0,,,,,,
LV 4 Hwan032,,,,,,,,0.0,,,,
LV 4 J___park,,,,,,0.0,,,,,,
LV 4 Jjkml,,,,,0.0,,,,,,,
LV 4 JoJo_,,,,,,,0.0,,,,,
LV 4 LEE1601,,,,,,0.0,,,,,,
LV 4 MW3480,,,,,,,0.0,,,,,
LV 4 Maminu,,,,,,0.0,,,,,,
LV 4 PSGHS94,,,,,,,0.0,,,,,
LV 4 Premierleague,,,,,,,0.0,,,,,
LV 4 R자랑,,,,,,0.0,,,,,,
LV 4 SG_7,,,,0.0,,,,,,,,
LV 4 Shoper,,,,,,0.0,,,,,,
LV 4 To me,,,,0.0,,0.0,,,,,,
LV 4 YOKM,,,,,,,,0.0,,,,
LV 4 alsk100,,,,,0.0,,,,,,,
LV 4 dior0121,,,,,0.0,,,,,,,
LV 4 dltkfkdtkfkdgo,,,,,,0.0,,,,,,
LV 4 doadade,,,,,,,-1.0,,,,,
LV 4 exlru,,0.0,,,,,,,,,,
LV 4 free캠퍼,,,,,,,0.0,,,,,
LV 4 ho_eat,,,,0.0,,,,,,,,
LV 4 hybuddy,,,,,,0.0,,,,,,
LV 4 jin9135,,,,,,0.0,,,,,,
LV 4 jiri_gu,,,,,-1.0,,,,,,,
LV 4 kaHoot,,,,,,0.0,,,,,,
LV 4 kaesper,,,,,,,0.0,,,,,
LV 4 koroll,,,,,,,0.0,,,,,
LV 4 lossbeb,,,,,0.0,,,,,,,
LV 4 mjizzz,,,,,,0.0,,,,,,
LV 4 positivemind,,,0.0,,,,,,,,,
LV 4 ssuuhoo,,,,,0.0,,,,,,,
LV 4 taetae_o313,,,,,,,0.0,,,,,
LV 4 viajs,,,,,,,,,0.0,,,
LV 4 yhdboo,,,,,,,0.0,,,,,
LV 4 zamzzam,,,,0.0,,,,,,,,
LV 4 zxfrew2,,,,0.0,,,,,,,,
LV 4 건이아범,,,,,,,,,0.0,,,
LV 4 계속그리워,,,,,,0.0,,,,,,
LV 4 고니궈니,,,,,,,-1.0,,,,,
LV 4 고마롭,,,,,,,0.0,,,,,
LV 4 군필모솔아다백수,,,,0.0,,,,,,,,
LV 4 그냥보통계정,,,,,,,,,0.0,,,
LV 4 김굽다불낸놈뺏김,,,,,,,0.0,,,,,
LV 4 김돌돌돌돌이,,,,,0.0,,,,,,,
LV 4 김동준12345,,,,0.0,,,,,,,,
LV 4 깡찬18,,,,,,,,-1.0,,,,
LV 4 난이대오통,,,,,,,0.0,,,,,
LV 4 냥냥한냥냥,,,,,,,,0.0,,,,
LV 4 누가쏴,,,,,,,0.0,,,,,
LV 4 뉴봉,,,,,,,,,0.0,,,
LV 4 뉴비_1063ba33,,,,0.0,,,,,,,,
LV 4 뉴비_1cc3db82,,,,,,0.0,,,,,,
LV 4 뉴비_1ecab5ad,,,,,0.0,,,,,,,
LV 4 뉴비_364f18f2,,,,,,,0.0,,,,,
LV 4 뉴비_3a79ba95,,,,,,0.0,,,,,,
LV 4 뉴비_3c868d53,,,,,,0.0,,,,,,
LV 4 뉴비_40162624,,,,,,,0.0,,,,,
LV 4 뉴비_4742ee8e,0.0,,,,,,,,,,,
LV 4 뉴비_4c2e5972,,,,,,0.0,,,,,,
LV 4 뉴비_5369d32a,,,,,0.0,,,,,,,
LV 4 뉴비_5abc9f21b851,,,,0.0,,,,,,,,
LV 4 뉴비_77b57ceb,,,,,,,,,0.0,,,
LV 4 뉴비_7accf6611271,,,,,,,,0.0,,,,
LV 4 뉴비_7dfe9672,,,,,,0.0,,,,,,
LV 4 뉴비_94895b5df2e5,,,,,,,0.0,,,,,
LV 4 뉴비_9bfcab66,,,,,,,,,-1.0,,,
LV 4 뉴비_a59f4992,,,,,,0.0,,,,,,
LV 4 뉴비_a5d7c7cf1b48,,0.0,,,,,,,,,,
LV 4 뉴비_a65a114e,,,,,,0.0,,,,,,
LV 4 뉴비_b2f175f7,,,,0.0,,,,,,,,
LV 4 뉴비_b750941c,,,,-1.0,,,,,,,,
LV 4 뉴비_bb14e8d5f1c3,,,,,0.0,,,,,,,
LV 4 뉴비_bf4fe828,,,,,0.0,,,,,,,
LV 4 뉴비_cc226710,,,,,,,,0.0,,,,
LV 4 뉴비_d56504ea,,,,,,0.0,,,,,,
LV 4 뉴비_d8efdadd,,,,,,,0.0,,,,,
LV 4 뉴비_dadb8a0e6ff2,,,,,0.0,,,,,,,
LV 4 뉴비_e07c485a,,,,,,0.0,,,,,,
LV 4 뉴비_e4cd8768483d,,,,,,,0.0,,,,,
LV 4 뉴비_e549ea64,,,,,,,0.0,,,,,
LV 4 뉴비_edb5db96,,,,,,,,,0.0,,,
LV 4 뉴비_ff1359b2,,,,0.0,,,,,,,,
LV 4 뉴비루키맴버,,,,,,,,,,0.0,,
LV 4 니니니닌니님,,,,0.0,,,,,,,,
LV 4 닉넴고민되네,,,,,,,0.0,,,,,
LV 4 더조은파크,,,,0.0,,,,,,,,
LV 4 덕배덕배덕배,,,,,,,,0.0,,,,
LV 4 도미노ㅂ,,,,,,0.0,,,,,,
LV 4 돌체라떼0,,,,,,,0.0,,,,,
LV 4 동동쓰스,,,,,0.0,,,,,,,
LV 4 동원참취,,,,,,,,,0.0,,,
LV 4 따 구,,,,0.0,,,,,,,,
LV 4 막을수없는슈팅,,,,,0.0,,,,,,,
LV 4 멤버_08fe1c031c3d,,,,,,,0.0,,,,,
LV 4 멤버_5b05a9efeb4d,,,,,,,0.0,,,,,
LV 4 멤버_b43421bc5a83,,,,,,,,0.0,,,,
LV 4 멤버_dc6cf10d3b13,,,,,,0.0,,,,,,
LV 4 무송사,,,,,0.0,,,,,,,
LV 4 미포스춘,,,,,,,,0.0,,,,
LV 4 민초90,,,,,,0.0,,,,,,
LV 4 박지용마미,,,,,,,,,,0.0,,
LV 4 비이리글,,,,,,,0.0,,,,,
LV 4 빵나요,,,,,,0.0,,,,,,
LV 4 세컨드 디너,,,,-1.0,,,,,,,,
LV 4 센슬,,,,,0.0,,,,,,,
LV 4 스탠스미스살까,,,,,,,,,0.0,,,
LV 4 승도,,,0.0,,,,,,,,,
LV 4 신작이,,,,,,,,,0.0,,,
LV 4 썬신사,,,,,,,0.0,,,,,
LV 4 어어둉,,,,,,0.0,,,,,,
LV 4 엄탠다,,,,,,,0.0,,,,,
LV 4 연리지나무,,,,,,1.0,,,,,,
LV 4 예쁜꽃게,,,,,,,0.0,,,,,
LV 4 우랄라우아,,,,,,,,0.0,,,,
LV 4 윕실론제이,,,0.0,,,,,,,,,
LV 4 윤그래님,,,,,,,,,0.0,,,
LV 4 으도으도,,,,,,,,0.0,,,,
LV 4 으히힝히,0.0,,,,,,0.0,,,,,
LV 4 응븝응븝응,,,,,0.0,,,,,,,
LV 4 읭읭이읭읭,,,,,,-1.0,,,,,,
LV 4 이지브로21,,,,,0.0,,,,,,,
LV 4 잉처리,,,,,,-1.0,,,,,,
LV 4 전정호12,,,,,0.0,,,,,,,
LV 4 정크로,,,,,,,,0.0,,,,
LV 4 조인준,,,,,,,0.0,,,,,
LV 4 조쿠나조아0226,,,,,,0.0,,,,,,
LV 4 주돌프,,,,,,-1.0,,,,,,
LV 4 주혜남친,,,,,,,,0.0,,,,
LV 4 지미듀데스키,,,,,,,,,,,0.0,
LV 4 진꾸리,,,,,,,,0.0,,,,
LV 4 진봄이뀨,,,,,,,0.0,,,,,
LV 4 체리2222,,,,,,-1.0,,,,,,
LV 4 촉박맨,,,,,0.0,,,,,,,
LV 4 최감독이,,,,,,0.0,,,,,,
LV 4 최강이될남자,,,,,,,,,,,0.0,
LV 4 코코라옹,,,,,,0.0,,,,,,
LV 4 코핫코세,,,,,,0.0,,,,,,
LV 4 크하앙,,,,,,0.0,,,,,,
LV 4 킵고잉~~,,,,,,,,0.0,,,,
LV 4 탕캣,,,,,0.0,,,,,,,
LV 4 태라2,,0.0,,,,,,,,,,
LV 4 토베기,,,,,,,0.0,,,,,
LV 4 팝콘팡준,,,,,,0.0,,,,,,
LV 4 패몰,,,,,0.0,,,,,,,
LV 4 패션왕욱이,,,,0.0,,,,,,,,
LV 4 평범한건호,,,,,,,,,,0.0,,
LV 4 필로00,,0.0,,,,,,,,,,
LV 4 한뜽뚜,,,,,,0.0,,,,,,
LV 4 한앤피스,,,,,,,,0.0,,,,
LV 4 후체,,,,,,,,,0.0,,,
LV 4 흑기사여원샷,,,,,0.0,,,,,,,
LV 5 .Allday,,,,,-1.0,0.0,,,,,,
LV 5 001718,,,,,,,0.0,,,,,
LV 5 178542,,,,,,,0.0,,,,,
LV 5 70턱걸이,,,,-1.0,,,,,,,,
LV 5 AAAA666,,,,,,0.0,,,,,,
LV 5 Alwayseo,,,,,,,,0.0,,,,
LV 5 Azham,,,,,,,,,,0.0,,
LV 5 Check75,,,,,,0.0,,,,,,
LV 5 Colpdlay,,,0.0,0.0,,,,,,,,
LV 5 Dy.ray,,,,,,,-1.0,,,,,
LV 5 EIS23,,,,,,,,,,0.0,,
LV 5 Elnn,,,,,0.0,,,,,,,
LV 5 Euihyun,,,,,,,,0.0,,,,
LV 5 FTBT,,,,,,,,,,0.0,,
LV 5 Gggggrow,,,,,,,,0.0,,,,
LV 5 Green_tea,,,,,0.0,,,,,,,
LV 5 Kuany,,,,,,0.0,,,,,,
LV 5 Mensyo,,,,,,,,0.0,,,,
LV 5 Nu4575,,,,,0.0,,,,,,,
LV 5 Paken,,,,,,0.0,,,,,,
LV 5 Sjw33,,,,0.0,,,,,,,,
LV 5 ToRi.,,,,,,,,0.0,,,,
LV 5 VUL1CAN,,,,,,-1.0,,,,,,
LV 5 YGB77,,,,,,,0.0,,,,,
LV 5 Zdjej,,,,,,,0.0,,,,,
LV 5 ahnpd,,,,,,,,,0.0,,,
LV 5 atzg,,,,,0.0,,,,,,,
LV 5 bazzy1,,,,,,,0.0,,,,,
LV 5 dddongs,,,,,,,,0.0,0.0,,,
LV 5 fosh_10,,,,,,0.0,,,,,,
LV 5 hearthe,,,,,0.0,,,,,,,
LV 5 herh115,,,,,,,,0.0,,,,
LV 5 hood715,,,,,,,0.0,,,,,
LV 5 ismw,,,,,-1.0,,,,,,,
LV 5 j.k.d,,,-1.0,,,,,,,,,
LV 5 kimwh99,,,,,,,,,0.0,,,
LV 5 kjin77,,,,,,,-1.0,,,,,
LV 5 python488,,,0.0,,,,,,,,,
LV 5 resjde,,,,,,,,0.0,,,,
LV 5 son3128,,,,,,,,0.0,,,,
LV 5 stylist주도,,,,,,0.0,0.0,,,,,
LV 5 wlsyspr,,,,,,,0.0,,,,,
LV 5 yiyi77,,,,,,0.0,1.0,,,,,
LV 5 ㄲㅉㅇ,0.0,,,,,,,,,,,
LV 5 ㅇㅇㄲㅃ,,-1.0,,,,,,,,,,
LV 5 간호사스타킹,,,,,,,0.0,,,,,
LV 5 강검댕,,,,,0.0,,,,,,,
LV 5 개똥이아부지,,,,,,,,0.0,,,,
LV 5 개루박두,,,,,,,,0.0,,,,
LV 5 검하나,,,,,,,0.0,,,,,
LV 5 경리,,,,,,0.0,,,,,,
LV 5 구글몬느,,,,,,,,0.0,0.0,,,
LV 5 구립,,,,,0.0,,,,,,,
LV 5 규쟝,,,,,,,0.0,0.0,,,,
LV 5 그가그린기린그림,,,,,,,,,,1.0,,
LV 5 그랑죠사촌,,,,,0.0,,,,,,,
LV 5 금산간디,,,,,,,,,0.0,,,
LV 5 김탱완,,,,,,,0.0,,,,,
LV 5 까까제국,,-1.0,0.0,,,,,,,,,
LV 5 나르기혁,,,,,0.0,,,,,,,
LV 5 나른한 오후햇살,,,,,,,,,0.0,,,
LV 5 남엽,,,,,,,,,,0.0,,
LV 5 내일도한량,,,,,,,0.0,,,,,
LV 5 녹차보이,,,0.0,,,,,,,,,
LV 5 뉴비_22441621,,,,,,,0.0,,,,,
LV 5 뉴비_316c9942,,,,,,,,,,0.0,0.0,
LV 5 뉴비_627cac17f2cb,,,,,,,,,,,0.0,
LV 5 뉴비_7a93010e,,,,,,0.0,,,,,,
LV 5 뉴비_7cfe07e1,,,,,,,0.0,,,,,
LV 5 뉴비_9860aa8c,,,,,,0.0,,,,,,
LV 5 뉴비_9a3d9ba,,,,,,0.0,,,,,,
LV 5 다크아이,,,,,,0.0,,,,,,
LV 5 달바람,,,,,,0.0,,,,,,
LV 5 대뀨잉,,,,,,,,0.0,,,,
LV 5 도민우,,,,,-1.0,,,,,,,
LV 5 도민잉,,,,,,,0.0,,,,,
LV 5 돼보,,,,,,,,,-1.0,,,
LV 5 두두뀨,,,,,0.0,,,,,,,
LV 5 떠돌이 이방인,,,,,0.0,,,,,,,
LV 5 럭키화이트,,,,,,,,,0.0,,,
LV 5 로또리치,,,,,,,,0.0,,,,
LV 5 로맨틱 팬더씨,,,,,,0.0,,,,,,
LV 5 루화랑,,,,0.0,,,,,,,,
LV 5 르닝98,,,-1.0,,,,,,,,,
LV 5 리로렝,,,,,,,,,,0.0,,
LV 5 마늘통닭,,,,0.0,,,,,,,,
LV 5 마리어워,,,,,,-1.0,,,,,,
LV 5 마스다,,,,,,,,,0.0,,,
LV 5 마지노1208,,0.0,,,,,,,,,,
LV 5 매일이쁘게입자,,,0.0,,,,,,,,,
LV 5 매클린,,,,,,,0.0,,,,,
LV 5 맨동야,,,,,,,0.0,,,,,
LV 5 멤버_a177e63830ae,,,,,,,,0.0,,,,
LV 5 목포유달산,,,,,,,,,0.0,,,
LV 5 무으엉,,,,,,,0.0,,,,,
LV 5 문찐5371,,,,,,,0.0,,,,,
LV 5 므르글부르글,,,,,,,0.0,,,,,
LV 5 바실로마첸커,,,,,,,0.0,,,,,
LV 5 박스줍는노인,,,,,-1.0,,,,,,,
LV 5 박캉테,,,,,,,0.0,,,,,
LV 5 버질아왜불로,,,,,,,,,0.0,,,
LV 5 벤시몽,,,,,,,,0.0,,,,
LV 5 별방지기,,,,,,,,0.0,,,,
LV 5 부쓱,,,,,,,,0.0,,,,
LV 5 불방새,,,,,,,,,,0.0,,
LV 5 비앙키이,,,,,,-1.0,,,,,,
LV 5 뽀루밍정,,,,,,,0.0,,,,,
LV 5 사랑꾼정원이,,,0.0,,,,,,,,,
LV 5 사학자,,,,,,,,,,0.0,,
LV 5 샬라샬,,,,,,,,,,0.0,,
LV 5 섀디,,,,,,,,0.0,,,,
LV 5 섭이요1,,,,,,0.0,0.0,,,,,
LV 5 성대경제,,,,,,-1.0,,,,,,
LV 5 수방노,,,,,,,0.0,,,,,
LV 5 수안아빠,,,,,,,,,0.0,,,
LV 5 쉬지않고달려,,,,,,,0.0,,,,,
LV 5 신사숙녀여러분다사랑해,,,,0.0,,,,,,,,
LV 5 신승협,,,,,,,,0.0,,,,
LV 5 실버_2011fa7a881e,,,,,,,0.0,,,,,
LV 5 실버_ad5e081f7de6,,,,,,0.0,,,,,,
LV 5 아드리카,,,,,,,0.0,,,,,
LV 5 안병준님,,,,,,0.0,,,,,,
LV 5 앤트맨과와스프,,,,,,,,0.0,,,,
LV 5 엄텨,,,,,0.0,,,,,,,
LV 5 엠씨스님스,,,,,,,0.0,,,,,
LV 5 옷알못임니다,,,,0.0,,,,,,,,
LV 5 옷은있어도없는것,,,,0.0,,,,,,,,
LV 5 옷이날개인데,,,,,,,,,,0.0,,
LV 5 우형제빠더,,,,,,,,,0.0,,,
LV 5 으갱이,,,,,,0.0,,,,,,
LV 5 의경수경,,,,,,,,-1.0,,,,
LV 5 이김지유삐,,,,,,,,0.0,0.0,,,
LV 5 입롤의 왕자,,,,,,,,0.0,,,,
LV 5 자기관리 끝판왕,,,,,,0.0,,,,,,
LV 5 점만,,,,,0.0,,,,,,,
LV 5 정월,,,,,,,0.0,,,,,
LV 5 제발편해져라,,,,,,,,,0.0,,,
LV 5 종각역멸치주먹,,,,,,,0.0,,,,,
LV 5 좋은날ㅆ,,,,,0.0,,,,,,,
LV 5 주넹이_,,,,,0.0,,,,,,,
LV 5 준준준si,,,,,,0.0,,,,,,
LV 5 쭈 하이,,,,,,0.0,0.0,,,,,
LV 5 최용녀,,,0.0,,,,,,,,,
LV 5 치리리루루,,,,,,,,0.0,,,,
LV 5 친구얌,,,,0.0,,,,,,,,
LV 5 칡술s,,,,,-0.5,,,,,,,
LV 5 카12붐,,,,,,,-1.0,,,,,
LV 5 캡틴마린,,,,,,,,,0.0,,,
LV 5 캬룩,,,,,0.0,,,,,,,
LV 5 켈리클락,,,,,,0.0,,,,,,
LV 5 콩먹는콩국수,,,,,0.0,,,,,,,
LV 5 쿠리네,,,,,,,,,,,,0.0
LV 5 클로버로드,,,,,,0.0,,,,,,
LV 5 킥킥기,,,,,,,,,,0.0,,
LV 5 태주랑,,,,,,,0.0,,,,,
LV 5 툐마툐,,,,1.0,,,,,,,,
LV 5 트랠,,,0.0,,,,,,,,,
LV 5 특별히 큰 왕만두,,,,,,,,,,-1.0,,
LV 5 패고진,,,,,,,,,0.0,,,
LV 5 포돌엽상,,,,,,0.0,,,,,,
LV 5 푹쉬라,,,,,,,0.0,,,,,
LV 5 핑듀~,,,,,,0.0,,,,,,
LV 5 하늘2213,,,,,,,,-1.0,,,,
LV 5 혹고탕,,,,,,,,,0.0,,,
LV 5 휴군,,,,,,,,,,0.0,,
LV 5 히힙힙하,,,,,,,,,0.0,,,
LV 6 ArsenQ7,,,0.0,,,,,,,,,
LV 6 BLUE_BLUW,,,,,0.0,,,,,,,
LV 6 Cwjcwj,,,,,,0.0,,,,,,
LV 6 Itrmrh,,,,,,-0.3333333333333333,,,,,,
LV 6 Joon03,,,,,,,0.0,,,,,
LV 6 Seo....,,,0.0,,,,,,,,,
LV 6 Starbucks@,,,,,0.0,,,,,,,
LV 6 hgh1,,,,,,,0.0,,,,,
LV 6 kch201,,,,,,0.0,,,,,,
LV 6 kim__yongjin,,,,,0.0,,,,,,,
LV 6 skku52,,,,,,,0.0,,,,,
LV 6 univ255,,,,,,,0.0,,,,,
LV 6 yh4271,,,,,,,,,,0.0,,
LV 6 기동경찰,,,,,,0.0,,,,,,
LV 6 김살라,,,,,,,0.0,,,,,
LV 6 뉴비_d62cec4a,,,,,,,0.0,,,,,
LV 6 대륜고등학교,,,,,0.0,,,,,,,
LV 6 더프레즌트,,,,,0.0,0.0,,,,,,
LV 6 라가하,,,,,,,,0.0,,,,
LV 6 멸칫다리,,,,,,,-1.0,,,,,
LV 6 봄비입니다,,,,,,0.0,,,,,,
LV 6 빙구요시,,,,,0.0,,,,0.0,,,
LV 6 슈퍼정자,,,,,,,,,0.0,,,
LV 6 승로찡,,,,,,0.0,,,,,,
LV 6 신의사위,,,,,,0.0,,,,,,
LV 6 악부,,,,,,,,,0.0,,,
LV 6 얌야무얌,,,,,,,0.0,,,,,
LV 6 엘라이,,,0.0,,,,,,,,,
LV 6 와이드핏어려워요,,,,,0.0,,,,,,,
LV 6 우럭이우럭다,,,,,,-1.0,,,,,,
LV 6 우주최강끼끼,,,,,,,,,0.0,,,
LV 6 원불02,,,,,,,0.0,,,,,
LV 6 응그거안통해,,,,,,,,,,0.0,,
LV 6 이게되네요,,,,0.0,,,,,,,,
LV 6 장에는윌,,,,-1.0,,,,,,,,
LV 6 준보이,,,,,0.0,,,,,,,
LV 6 지키지키지키지,,,,,,,,,0.0,,,
LV 6 집에가고싶다...,,,,,0.0,,,,,,,
LV 6 칸피,,,,,0.0,,,,,,,
LV 6 터프가위1,,,,,,,0.0,,,,,
LV 6 털보네청포도,,,,,,,,,,,1.0,
LV 6 팡123,,,,0.0,,,,,,,,
LV 6 팡철이,,,,0.0,,,,,,,,
LV 6 패션의시작은몸,,,,,,0.0,,,,,,
LV 6 패션폭격기,,,,,,,0.0,,,,,
LV 6 퍼써미,,,,,,0.0,,,,,,
LV 6 하반기,,,,,,,0.0,,,,,
LV 6 확실하게해봄,,,,,,,0.0,,,,,
LV 6 확찐자ㅏ,,,,,,,,,0.0,,,
LV 6 후후하후하,,,,,0.0,,,,,,,
LV 7 aabbddc,,,,,0.0,,,,,,,
LV 7 기태에에에요,,,,,,,,,0.0,,,
LV 7 따뜻한_아아,,,,,,,0.0,,,,,
LV 7 무지성랄뚜기,,,,,,,,0.0,,,,
LV 7 방실방실해,,,,,,,0.0,,,,,
LV 7 번방의 선물,,,0.0,,,,,,,,,
LV 7 엠씨김꾼,,,,,0.0,,,,,,,
LV 7 옷사요11,,,,,,,,0.0,,,,
LV 7 우우우핸,,,,,,,,,,0.0,,
LV 7 작은섬광,,,,,,0.0,,,,,,
LV 7 최영준이,,,,,,,0.0,,,,,
LV 7 패린이성지,,,,,,0.0,,,,,,
LV 7 하얀곰팅이,,,,,,,,-1.0,,,,
LV 8 엄지플립4축하,,,,,,,0.0,,,,,
