리뷰,성별,키,몸무게,사이즈,밝기,색감,두께감
레깅스에 입으려고 큰 사이즈 샀는데 생각보다 오버핏 느낌은 안나는것같아요  그래도 티 이쁨,여성, 166cm, 53kg,보통이에요,보통이에요,보통이에요,보통이에요
무지로 하나 사봤는데 스타일 하기도 좋고 이뻐요,남성, 185cm, 70kg,보통이에요,보통이에요,보통이에요,보통이에요
진짜 너무좋은 아이템입니다 남자분들 꼭 사서 입으세요  ,남성, 172cm, 65kg,보통이에요,보통이에요,보통이에요,보통이에요
핏은 적당한거같고 살짝오버핏으로 이쁘지만 팔이 조금깁니다,남성, 170cm, 68kg,보통이에요,보통이에요,보통이에요,보통이에요
몸이 마른편이라 여름에도 긴팔을 선호하는데 재질이 좋아서 그리 덥지도 않구 어깨가 넓어보이는 핏이라 좋네요   넣입해도 자연스러운 길이에요   ,남성, 180cm, 58kg,보통이에요,밝아요,선명해요,보통이에요
사이즈가 정사이즈라 이쁘고 자주 입을거 같아요 ,남성, 175cm, 70kg,보통이에요,밝아요,선명해요,보통이에요
제 체형에 맞는 옷 찾기 힘든데 3  까지 있어서 정말 좋았어요  옷도 이뻐서 만족스러워요,남성, 186cm, 78kg,작아요,보통이에요,선명해요,보통이에요
무난하게 입기 좋은 제품 같아요   가을이나 겨울시즌때는 안에 레이어드 해서 입기 좋을거 같습니다 ,남성, 170cm, 55kg,보통이에요,어두워요,선명해요,보통이에요
앞에 삿던 같은 제품보다 살짝 두께감이 두꺼워진듯핏은 똑같고 편하네요,남성, 170cm, 63kg,보통이에요,보통이에요,보통이에요,보통이에요
적당히 두껍고 초가을에 기본템으로 입기 좋은 거 같아요,남성, 174cm, 63kg,보통이에요,어두워요,선명해요,보통이에요
175 73수축 감안해서 2업 했고사이즈 만족합니다,남성, 175cm, 73kg,보통이에요,보통이에요,보통이에요,보통이에요
처직입니다왜사는지알겠어요대박입니다와우굿,남성, 173cm, 55kg,보통이에요,보통이에요,보통이에요,보통이에요
좋습니다  그냥 좋아요 꼭 사세요 무조건 추천 드립니다,남성, 181cm, 82kg,보통이에요,보통이에요,선명해요,보통이에요
깔끔하고 가성비 갑 역시 무탠다드 사랑합니다 굿,남성, 174cm, 63kg,보통이에요,보통이에요,선명해요,얇아요
저렴한가격에 구매했어요 반바지랑 입으면 딱일것같아요,남성, 180cm, 73kg,보통이에요,보통이에요,보통이에요,보통이에요
무탠다드는 항상 기본값 이상은 해서 믿고 샀어요 역시 마음에 들어요   ,남성, 177cm, 80kg,보통이에요,보통이에요,보통이에요,보통이에요
역시 무탠다드 핏이고 뭐고 너무 완벽하고 이 가격에 퀄리티 말이 안돼요,남성, 172cm, 70kg,보통이에요,보통이에요,보통이에요,보통이에요
완전 좋아요   기본템으론 이보다 완벽할 수 없음   흥해라,남성, 178cm, 74kg,보통이에요,보통이에요,보통이에요,보통이에요
목부분이 잘 안늘어나서 좋아요 앞으로도 자주 애용할거 같아요,남성, 174cm, 56kg,보통이에요,보통이에요,보통이에요,보통이에요
무탠다드 무탠다드 하는 이유가 있군여   어깨 넓어보일 줄 알았는데 전혀   그저 예ㅃ븜,여성, 165cm, 52kg,보통이에요,보통이에요,보통이에요,보통이에요
두께는 보통이에요 여름에는 더워서 못입고 봄 가을에 싱글로 입어도 좋을듯 ㅎㅎ 핏은 스탠다드 합니다 평소 입으시는 사이즈로 하세요ㅎㅎ 크게 입으실분은 사이즈업 하세요 ,남성, 180cm, 78kg,보통이에요,보통이에요,보통이에요,보통이에요
역시 무탠다드는 가성비가 엄청 좋아요    모두들 한 개씩은 가지고 있어야 됩니다   ,남성, 180cm, 73kg,보통이에요,보통이에요,선명해요,보통이에요
2개에 1 8인데 이정도면 겨울에 이너로도 좋고 단품으로도 탄탄해요,남성, 184cm, 86kg,보통이에요,보통이에요,선명해요,보통이에요
가을에 무난하게 입으려고 샀어요 한 사이즈 크게 가니까 세미오버핏 나오네요,남성, 171cm, 72kg,보통이에요,보통이에요,보통이에요,보통이에요
가을에 무난하게 입으려고 샀어요 한 사이즈 크게 가니까 세미오버핏 나오네요,남성, 171cm, 72kg,보통이에요,보통이에요,보통이에요,보통이에요
무난하게 그냥 입기 좋을것 같네요가성비 좋은것 같습니다,남성, 172cm, 69kg,보통이에요,보통이에요,보통이에요,보통이에요
아무렇게나 입어도 편하고 예뻐서 좋아요 잘 입을 수 있을 것 같습니다 ,남성, 175cm, 58kg,보통이에요,밝아요,선명해요,얇아요
이너티로도 좋고 봄 가을에 기본 무지티로도 좋아여,여성, 168cm, 56kg,보통이에요,보통이에요,보통이에요,얇아요
역시 기대를 져버리지 않네요 사이즈 딱 맞고 재질도 생각보다 짱짱해요,남성, 175cm, 70kg,보통이에요,보통이에요,보통이에요,보통이에요
티셔츠가 많이 얇아서 좋았어요 한여름에도 반바지입고 팔걷으면 괜찮네요,남성, 170cm, 63kg,보통이에요,보통이에요,보통이에요,보통이에요
172에 68정도인데  이  보다조금 더 잘 어울리는 거 같아요 ,남성, 172cm, 70kg,보통이에요,보통이에요,보통이에요,보통이에요
172에 68정도인데  이 조금 더 잘 어울리는 거 같아요 ,남성, 172cm, 70kg,커요,보통이에요,보통이에요,보통이에요
쫌 큰긴한데 색갈도 괜찮고 그냥 귀찮아서 입을게요,남성, 170cm, 53kg,커요,보통이에요,보통이에요,두꺼워요
평소 사이즈로 사면 클거같아서 사이즈 다운했는데 작아요ㅠㅠ 정사이즈나 사이즈업 해도 무방할듯합니다,남성, 165cm, 56kg,작아요,보통이에요,보통이에요,얇아요
기본티셔츠 필수템이에요 세탁해봐야 알겠지만 재질도 좋은듯합니다,남성, 176cm, 70kg,보통이에요,보통이에요,보통이에요,보통이에요
너무 예뻐요 그리고 사이즈 너무 좋아요 어깨 좁은데 넓어 보입니다 가성비 쩌네요 다음에도 여기서 사야겠어요 ,남성, 170cm, 52kg,보통이에요,밝아요,보통이에요,보통이에요
무난해서 평소에 막 입기 좋은 기본 긴팔티인 것 같아요 ,여성, 163cm, 50kg,보통이에요,보통이에요,선명해요,보통이에요
무난한 긴팔티 아무데나 잘 입고 다녀요 핏 이쁘고 가성비 아주좋아요,남성, 181cm, 60kg,보통이에요,보통이에요,보통이에요,보통이에요
무난한 기본 긴팔티 저렴하고 핏도 이뻐요 가성비 너무 좋아요,남성, 181cm, 60kg,보통이에요,보통이에요,보통이에요,보통이에요
많이 두껍지도 않고 재질도 좋아서 자주 입을거 같아요,남성, 174cm, 72kg,보통이에요,보통이에요,보통이에요,보통이에요
기본적인 롱슬리브 입니다 아주 깔끔한 디자인이고 가성비 좋습니다 ,남성, 176cm, 82kg,보통이에요,보통이에요,보통이에요,보통이에요
기본템으로 너무 좋고 단품으로 좋고 이너로도 활용하기 좋은거 같아요,남성, 165cm, 50kg,보통이에요,보통이에요,보통이에요,보통이에요
역시 무탠다드 최고입니다 지금까지 산 쭉티중 최고네요,남성, 174cm, 68kg,보통이에요,보통이에요,보통이에요,보통이에요
이거 살까말까 고민햇는데 ㄹㅇ 너무 조아요 꼭 사새요 꼭,남성, 170cm, 60kg,보통이에요,보통이에요,선명해요,얇아요
생각보다 길이가 좀 길긴 했지만 적당한 오버핏으로 입을 수 있어서 괜찮아요 두께는 초가을부터 입으면 될 것 같고 흰색은 비침 없네요 소매 길어서 좋아요 재질 부드럽고 입기 편해요 목 부분도 튼튼해용,여성, 164cm, 46kg,커요,보통이에요,보통이에요,보통이에요
적당히 여유있고 좋아요  믿고입는 무탠다드 기본티입니다 ,남성, 178cm, 75kg,보통이에요,보통이에요,보통이에요,보통이에요
기본 긴팔은 이걸로 정착 했습니다  너무 만족해요,남성, 182cm, 100kg,보통이에요,보통이에요,보통이에요,보통이에요
두께 적당하고 완전 가성비 좋은거 같습니다 굿굿,남성, 172cm, 69kg,보통이에요,밝아요,선명해요,보통이에요
소매만 약간길고 낙낙히 잘맞아요  베이직이라 좋습니다,여성, 158cm, 55kg,보통이에요,보통이에요,보통이에요,보통이에요
2개 구매해보고 너무 마음에 들어서 2개 더 구매했습니다  이거 입고 다닐 생각하니 가을 겨울이 너무 기대됨,여성, 167cm, 65kg,보통이에요,밝아요,보통이에요,보통이에요
175 73수축 감안해서 2업 했고사이즈 만족합니다,남성, 175cm, 73kg,보통이에요,보통이에요,보통이에요,보통이에요
처직입니다왜사는지알겠어요대박입니다와우굿,남성, 173cm, 55kg,보통이에요,보통이에요,보통이에요,보통이에요
좋습니다  그냥 좋아요 꼭 사세요 무조건 추천 드립니다,남성, 181cm, 82kg,보통이에요,보통이에요,선명해요,보통이에요
깔끔하고 가성비 갑 역시 무탠다드 사랑합니다 굿,남성, 174cm, 63kg,보통이에요,보통이에요,선명해요,얇아요
저렴한가격에 구매했어요 반바지랑 입으면 딱일것같아요,남성, 180cm, 73kg,보통이에요,보통이에요,보통이에요,보통이에요
무탠다드는 항상 기본값 이상은 해서 믿고 샀어요 역시 마음에 들어요   ,남성, 177cm, 80kg,보통이에요,보통이에요,보통이에요,보통이에요
역시 무탠다드 핏이고 뭐고 너무 완벽하고 이 가격에 퀄리티 말이 안돼요,남성, 172cm, 70kg,보통이에요,보통이에요,보통이에요,보통이에요
완전 좋아요   기본템으론 이보다 완벽할 수 없음   흥해라,남성, 178cm, 74kg,보통이에요,보통이에요,보통이에요,보통이에요
목부분이 잘 안늘어나서 좋아요 앞으로도 자주 애용할거 같아요,남성, 174cm, 56kg,보통이에요,보통이에요,보통이에요,보통이에요
무탠다드 무탠다드 하는 이유가 있군여   어깨 넓어보일 줄 알았는데 전혀   그저 예ㅃ븜,여성, 165cm, 52kg,보통이에요,보통이에요,보통이에요,보통이에요
두께는 보통이에요 여름에는 더워서 못입고 봄 가을에 싱글로 입어도 좋을듯 ㅎㅎ 핏은 스탠다드 합니다 평소 입으시는 사이즈로 하세요ㅎㅎ 크게 입으실분은 사이즈업 하세요 ,남성, 180cm, 78kg,보통이에요,보통이에요,보통이에요,보통이에요
역시 무탠다드는 가성비가 엄청 좋아요    모두들 한 개씩은 가지고 있어야 됩니다   ,남성, 180cm, 73kg,보통이에요,보통이에요,선명해요,보통이에요
2개에 1 8인데 이정도면 겨울에 이너로도 좋고 단품으로도 탄탄해요,남성, 184cm, 86kg,보통이에요,보통이에요,선명해요,보통이에요
가을에 무난하게 입으려고 샀어요 한 사이즈 크게 가니까 세미오버핏 나오네요,남성, 171cm, 72kg,보통이에요,보통이에요,보통이에요,보통이에요
가을에 무난하게 입으려고 샀어요 한 사이즈 크게 가니까 세미오버핏 나오네요,남성, 171cm, 72kg,보통이에요,보통이에요,보통이에요,보통이에요
무난하게 그냥 입기 좋을것 같네요가성비 좋은것 같습니다,남성, 172cm, 69kg,보통이에요,보통이에요,보통이에요,보통이에요
아무렇게나 입어도 편하고 예뻐서 좋아요 잘 입을 수 있을 것 같습니다 ,남성, 175cm, 58kg,보통이에요,밝아요,선명해요,얇아요
이너티로도 좋고 봄 가을에 기본 무지티로도 좋아여,여성, 168cm, 56kg,보통이에요,보통이에요,보통이에요,얇아요
역시 기대를 져버리지 않네요 사이즈 딱 맞고 재질도 생각보다 짱짱해요,남성, 175cm, 70kg,보통이에요,보통이에요,보통이에요,보통이에요
티셔츠가 많이 얇아서 좋았어요 한여름에도 반바지입고 팔걷으면 괜찮네요,남성, 170cm, 63kg,보통이에요,보통이에요,보통이에요,보통이에요
172에 68정도인데  이  보다조금 더 잘 어울리는 거 같아요 ,남성, 172cm, 70kg,보통이에요,보통이에요,보통이에요,보통이에요
172에 68정도인데  이 조금 더 잘 어울리는 거 같아요 ,남성, 172cm, 70kg,커요,보통이에요,보통이에요,보통이에요
쫌 큰긴한데 색갈도 괜찮고 그냥 귀찮아서 입을게요,남성, 170cm, 53kg,커요,보통이에요,보통이에요,두꺼워요
평소 사이즈로 사면 클거같아서 사이즈 다운했는데 작아요ㅠㅠ 정사이즈나 사이즈업 해도 무방할듯합니다,남성, 165cm, 56kg,작아요,보통이에요,보통이에요,얇아요
기본티셔츠 필수템이에요 세탁해봐야 알겠지만 재질도 좋은듯합니다,남성, 176cm, 70kg,보통이에요,보통이에요,보통이에요,보통이에요
너무 예뻐요 그리고 사이즈 너무 좋아요 어깨 좁은데 넓어 보입니다 가성비 쩌네요 다음에도 여기서 사야겠어요 ,남성, 170cm, 52kg,보통이에요,밝아요,보통이에요,보통이에요
무난해서 평소에 막 입기 좋은 기본 긴팔티인 것 같아요 ,여성, 163cm, 50kg,보통이에요,보통이에요,선명해요,보통이에요
무난한 긴팔티 아무데나 잘 입고 다녀요 핏 이쁘고 가성비 아주좋아요,남성, 181cm, 60kg,보통이에요,보통이에요,보통이에요,보통이에요
무난한 기본 긴팔티 저렴하고 핏도 이뻐요 가성비 너무 좋아요,남성, 181cm, 60kg,보통이에요,보통이에요,보통이에요,보통이에요
많이 두껍지도 않고 재질도 좋아서 자주 입을거 같아요,남성, 174cm, 72kg,보통이에요,보통이에요,보통이에요,보통이에요
기본적인 롱슬리브 입니다 아주 깔끔한 디자인이고 가성비 좋습니다 ,남성, 176cm, 82kg,보통이에요,보통이에요,보통이에요,보통이에요
기본템으로 너무 좋고 단품으로 좋고 이너로도 활용하기 좋은거 같아요,남성, 165cm, 50kg,보통이에요,보통이에요,보통이에요,보통이에요
역시 무탠다드 최고입니다 지금까지 산 쭉티중 최고네요,남성, 174cm, 68kg,보통이에요,보통이에요,보통이에요,보통이에요
이거 살까말까 고민햇는데 ㄹㅇ 너무 조아요 꼭 사새요 꼭,남성, 170cm, 60kg,보통이에요,보통이에요,선명해요,얇아요
생각보다 길이가 좀 길긴 했지만 적당한 오버핏으로 입을 수 있어서 괜찮아요 두께는 초가을부터 입으면 될 것 같고 흰색은 비침 없네요 소매 길어서 좋아요 재질 부드럽고 입기 편해요 목 부분도 튼튼해용,여성, 164cm, 46kg,커요,보통이에요,보통이에요,보통이에요
적당히 여유있고 좋아요  믿고입는 무탠다드 기본티입니다 ,남성, 178cm, 75kg,보통이에요,보통이에요,보통이에요,보통이에요
기본 긴팔은 이걸로 정착 했습니다  너무 만족해요,남성, 182cm, 100kg,보통이에요,보통이에요,보통이에요,보통이에요
두께 적당하고 완전 가성비 좋은거 같습니다 굿굿,남성, 172cm, 69kg,보통이에요,밝아요,선명해요,보통이에요
소매만 약간길고 낙낙히 잘맞아요  베이직이라 좋습니다,여성, 158cm, 55kg,보통이에요,보통이에요,보통이에요,보통이에요
2개 구매해보고 너무 마음에 들어서 2개 더 구매했습니다  이거 입고 다닐 생각하니 가을 겨울이 너무 기대됨,여성, 167cm, 65kg,보통이에요,밝아요,보통이에요,보통이에요
단품으로 입어보았어요 소매기장도 적당하니 만족해요,남성, 173cm, 62kg,보통이에요,보통이에요,보통이에요,보통이에요
사이즈도 잘 맞고 생각한 핏아 나옵니다 좋습니다,남성, 170cm, 58kg,보통이에요,보통이에요,보통이에요,보통이에요
진짜 무난한 무탠다드입니다 어디에 코디하든 다 잘어울려요,남성, 176cm, 71kg,보통이에요,보통이에요,흐려요,보통이에요
아무때나 입기 좋아요 아무때나 입기 좋아요 휘뚜루 마뚜루 이거 맞낭 ㅋㅋ,여성, 168cm, 60kg,커요,보통이에요,보통이에요,보통이에요
흠벅쇼갈때 입었어욤   굿 여름에 입긴 좀 덥긴하지만 굿 ㅓㅡ,여성, 168cm, 65kg,보통이에요,보통이에요,선명해요,보통이에요
사이즈도 적당하고 이뻐요 아주 잘 샀습니다 마음에 들어요,여성, 169cm, 46kg,보통이에요,보통이에요,보통이에요,보통이에요
역시 기본의 기본 최고입니다   핏도 딱 적당하고 좋네요  ,남성, 180cm, 77kg,보통이에요,보통이에요,선명해요,보통이에요
활용도가 높습니다  핏도 좋구요 기본템으로 강추,남성, 180cm, 75kg,보통이에요,보통이에요,보통이에요,두꺼워요
무신사 스탠다드 제품 첫 구매인데 럴수럴수이럴수 사이즈 너무 잘 맞고 원단도 좋은 게 느껴지네요  옷 구매하고 감탄한 건 오랜만무탠다드를 사랑하게 되었읍니다 ,여성, 167cm, 65kg,보통이에요,밝아요,선명해요,보통이에요
줗아요 기본티로 딱이에요 원하던 옷 잘 산거같네요,남성, 175cm, 73kg,보통이에요,보통이에요,보통이에요,보통이에요
이거 진짜좋네요 무신사스텐다드 짱 사랑해요 무텐다드,남성, 183cm, 90kg,보통이에요,밝아요,선명해요,보통이에요
무탠다드 롱슬리브 그냥 너무 무난합니다 그냥 사용,남성, 173cm, 75kg,보통이에요,보통이에요,보통이에요,보통이에요
기본티로 일색없는 무지티에요 가성비 좋습니다,남성, 174cm, 68kg,보통이에요,보통이에요,보통이에요,보통이에요
그냥 믿고 사세요 이것만큼 좋은 무지 슬리브 못 봤습니다,남성, 170cm, 62kg,보통이에요,보통이에요,보통이에요,보통이에요
그냥 그럭저럭 괜찮은거 같습니다  무난합니다요,남성, 163cm, 52kg,보통이에요,보통이에요,보통이에요,보통이에요
이너티로 입을려고 주문했습니다 기장 보고 주문했는데 가슴이랑 팔이 너무 크네요 이너티로 입기에 기장은 딱 좋아요 ,남성, 170cm, 65kg,커요,밝아요,보통이에요,보통이에요
소재가 시원해서 여름에 입기도 좋은거같아요 짱,남성, 187cm, 68kg,보통이에요,보통이에요,보통이에요,보통이에요
빨간색이 너무 쨍하기는 한데 괜찮아요 예쁜거같아요,남성, 175cm, 75kg,보통이에요,보통이에요,보통이에요,보통이에요
정핏이기 때문에 오버하게 입고싶다면 한치수 두치수 크게 사는게 좋습니다 헬린이들이 입으면 근육 조금씩 나오면서 이쁩니다 ㅎㅎ,남성, 172cm, 70kg,보통이에요,밝아요,선명해요,보통이에요
저번에 잘 구매했습니다 봄가을겨울에 입어야징 추천함,남성, 175cm, 63kg,보통이에요,보통이에요,보통이에요,보통이에요
무탠다드로 다들 졸업하시오흰색 긴팔 티셔츠 무난함,남성, 173cm, 73kg,보통이에요,보통이에요,보통이에요,보통이에요
무난한 검정 무지 긴 롱 슬리브딱 좋네요 실내가 너무 추워서 샀어요,남성, 171cm, 70kg,보통이에요,보통이에요,보통이에요,보통이에요
받았는데 생각보다 앏아서 실망했는데역시 무탠다드 저를 실망시키지 않아요몇일 입어보니까 전혀 얇지않고 좋아요,남성, 180cm, 81kg,보통이에요,보통이에요,보통이에요,보통이에요
옷 좋고 짱짱 좋아요 그리고 사이즈도 딱 맞아요 굿,남성, 170cm, 70kg,보통이에요,보통이에요,보통이에요,보통이에요
화면하고 색이 달라요 사진으로는 안담기는데 너무 애매하네요 약간 초록빛돌아요,남성, 171cm, 67kg,보통이에요,어두워요,흐려요,보통이에요
재구매했습니다 배송도 빠르고 가성비 최고네요,남성, 171cm, 67kg,보통이에요,보통이에요,보통이에요,보통이에요
배송이 겁나 빠르네요 가성비도 좋아서 또 구매했습니다,남성, 171cm, 67kg,보통이에요,보통이에요,보통이에요,보통이에요
마른 사람도 체형 커버가 되네요 두께도 적당하니 견딜 수 있다면 여름에도 입을 수 있네요  완전 한여름에는 힘들 듯 합니다 ,남성, 170cm, 48kg,보통이에요,보통이에요,선명해요,보통이에요
너무 이쁘고 핏좋네여 또사고시퍼용 강추드려요 가성비 갑인제품임다ㅐ,남성, 167cm, 50kg,보통이에요,보통이에요,보통이에요,보통이에요
무난하게 입을 수 있는것 같고 팔길이랑 옷 길이도      ,여성, 160cm, 41kg,보통이에요,보통이에요,보통이에요,보통이에요
팔길고 어깨가 넓고 상체가 큰 체형입니다 제 체격에 맞는 옷을 찾기가 쉽지않은데 3  까지 있어 좋네요 적당히 루즈핏이라 편하게 입기좋은듯합니다  오버사이즈핏은 아닙니다,남성, 186cm, 95kg,보통이에요,보통이에요,선명해요,두꺼워요
롱슬리브 하나 필요해서 사봤는데 가격대비 퀄이 너무 좋네요,남성, 178cm, 75kg,보통이에요,보통이에요,보통이에요,보통이에요
비침 약간있지만 어차피 안에 이너로 입을거라 상관없어서 만족합니다,남성, 178cm, 75kg,보통이에요,보통이에요,보통이에요,보통이에요
무난한 기본 긴팔티입니다이너로 입기 좋고 근데 한사이즈 업할걸 그랬어요,남성, 169cm, 63kg,보통이에요,보통이에요,보통이에요,보통이에요
학교에서 편하게 자주 입고 다녀요  추천드립니다 ,여성, 164cm, 59kg,보통이에요,밝아요,선명해요,보통이에요
가장 기본적인 티라서 그런지 청바지나 트레이닝바지 위에 입어도 무난히 어울리는 것 같습니다 기본 레어템입니다  평소 티셔츠는 105    사이즈를 입었는데  이 티셔츠는 2  도 잘 맞네요 ,남성, 185cm, 78kg,보통이에요,보통이에요,선명해요,보통이에요
편하게 입기 딱 좋아요 여기저기 속에 입기듀 좋습니다,여성, 166cm, 56kg,보통이에요,밝아요,선명해요,보통이에요
 기본적인 긴팔 티인데 색깔도 이뻐서 봄 가을엔 그냥 입기에도 좋고 셔츠 위에 입어도 좋을 것 같아요 ,남성, 179cm, 69kg,보통이에요,밝아요,선명해요,보통이에요
무신사 스탠다드는 믿고 구매해요가성비 고퀄 최고 ,남성, 171cm, 60kg,보통이에요,보통이에요,보통이에요,보통이에요
제바디 사이즈랑 비슷하신분들 사진에 팔길이 잘보고사세요  예상보다 길어요,남성, 169cm, 70kg,보통이에요,보통이에요,선명해요,보통이에요
덩치가 커져서 그런가 작아졌어요 원래 이렇게 안작았는데,남성, 178cm, 79kg,보통이에요,보통이에요,보통이에요,보통이에요
그냥 심플하게 편의점 가거나 산책나갈때 좋을것 같아요 ,남성, 173cm, 64kg,보통이에요,보통이에요,선명해요,보통이에요
소재 좋고 무난하게 입기 좋네요 자주 입을거 같아요,남성, 181cm, 73kg,보통이에요,보통이에요,보통이에요,보통이에요
무탠  기본이 기본했다재구매 가보자구          ,남성, 178cm, 70kg,보통이에요,보통이에요,보통이에요,보통이에요
길이감 기장감 두께감 다 적당하고 흰옷은 이너를 입고 입는 편이라 그런지 비치는것도 크게 걱정없어요,남성, 178cm, 70kg,커요,밝아요,선명해요,보통이에요
무신사스탠다드라고해서 미니멀스럽게 몸집이 작은 분들만 입을 수 있는 그런 것들인 줄 알았는데 저도 괜찮게 맞네요      ,남성, 192cm, 86kg,보통이에요,보통이에요,보통이에요,보통이에요
봄이나 가을에 입기 딱 좋은 옷입니다 색깔도 선명하고 사이즈도 적당하네요 ,남성, 173cm, 64kg,보통이에요,밝아요,선명해요,얇아요
무신사 스탠다드 항상 즐겨입는데 이번에도 좋았습니다,남성, 168cm, 66kg,보통이에요,보통이에요,보통이에요,보통이에요
역시 제일 무난하면서 기본적으로 갖고 있어야할 옷인거 같네요  이너용으로도 좋고 그냥 무지로도 좋습니다 ,남성, 170cm, 60kg,보통이에요,보통이에요,보통이에요,보통이에요
살짝 구겨져서 와서 사진이 안이쁜데 만족합니당 색 겁나이뿜 ,NaN,NaN,NaN,보통이에요,밝아요,보통이에요,보통이에요
레이어드나 이너로 활용하기 딱 좋은 것 같습니다 ,남성, 172cm, 67kg,보통이에요,보통이에요,보통이에요,보통이에요
평범한 이너로 입기좋아요 무신사 스텐다드는 다 평타치,남성, 180cm, 80kg,보통이에요,보통이에요,보통이에요,보통이에요
기본티셔츠로 딱이에요  다리미질해서 깔끔하게 입고 다니려구요  ,NaN,NaN,NaN,보통이에요,보통이에요,보통이에요,보통이에요
널널한 사이즈라 입기 좋아요  핏도 입기 편하네요,NaN,NaN,NaN,보통이에요,보통이에요,보통이에요,보통이에요
퀄리티 좋은 옷을 합리적인 가격에 구매할 수 있어서 좋았습니다 ,NaN,NaN,NaN,보통이에요,보통이에요,보통이에요,보통이에요
봄  가을 레이어드로 입기 딱 좋네요두께도 딱 만족합니다 ,NaN,NaN,NaN,보통이에요,보통이에요,보통이에요,얇아요
화이트보단 블랙이 더 저랑맞는거같아요 ㅎㅎ 그치만 둘다 너무 가성비좋고 이쁜 기본템 ㅎㅎ,NaN,NaN,NaN,보통이에요,보통이에요,보통이에요,보통이에요
조아요완존 모던하구 무난하구 여름에도 팔걷어서 입어도 괜찮아요  ,NaN,NaN,NaN,보통이에요,보통이에요,보통이에요,보통이에요
이너로도 입고 봄가을에는 하나먼 입고 다녀도 좋을듯170 65 스펙입니다,NaN,NaN,NaN,보통이에요,보통이에요,보통이에요,보통이에요
딱 생각하는 기본 흰 긴팔티에요어디든 무난하게 입을듯 사이즈 딱좋음,NaN,NaN,NaN,보통이에요,보통이에요,보통이에요,보통이에요
기본티로 정말 좋습니다 반바지랑 입어도 넘 이뻐요 ㅎㅎ,남성, 183cm, 78kg,보통이에요,보통이에요,보통이에요,보통이에요
핏 너무 맘에 들고여 얇아서 여름에 입기도 좋을 거 같습니다,남성, 170cm, 66kg,보통이에요,보통이에요,보통이에요,보통이에요
오버하게 완전 편하기 입으려고 크게샀습니다 좋아요,남성, 177cm, 79kg,커요,보통이에요,보통이에요,보통이에요
한 번 빨면 늘어남보단 쫄아듬  있음 건조기 돌려서 그런 걸 수도  ㅎ   아빠요 사세요,남성, 169cm, 55kg,보통이에요,보통이에요,보통이에요,보통이에요
무난한티입니더 별거없지만 저렴한 가볍게 막입기 좋아요 ,남성, 169cm, 55kg,보통이에요,보통이에요,보통이에요,보통이에요
입고 있는 반바지랑 코디가 잘 어울리는 것 같아요,NaN,NaN,NaN,보통이에요,보통이에요,보통이에요,보통이에요
가볍게 나갈 때 입고 나가면 감성 읏 됩니다가격도 저렴하니까 구매해보세요,NaN,NaN,NaN,보통이에요,보통이에요,보통이에요,보통이에요
편하게 잘 입고 있어요 무탠다드 믿고 항상 잘 입고 있어요,NaN,NaN,NaN,보통이에요,밝아요,선명해요,보통이에요
기본티 느낌입니다 얇아요보이는 것과는 다르게 세탁 여러번 했는데도 변형은 없었습니다,NaN,NaN,NaN,보통이에요,보통이에요,선명해요,얇아요
얇은 느낌이고 기본 티 입니다 옷이 약해보이는데 세탁 여러번 했는데도 생각보다 변형이 없고 좋아요,NaN,NaN,NaN,보통이에요,보통이에요,선명해요,얇아요
여행 갈때 입으려고 샀는데 이쁘네요 잘 입었습니다,남성, 179cm, 76kg,커요,보통이에요,선명해요,보통이에요
일단 소매길이 딱 알맞게 이쁘고 넥밴드도 탄탄합니다,남성, 181cm, 70kg,보통이에요,보통이에요,보통이에요,보통이에요
얇아서 통풍도 잘되고 한사이즈 업해더니 기장도 좋아요,남성, 177cm, 65kg,보통이에요,보통이에요,보통이에요,얇아요
레이어드로 편하게 자주 애용하는 제품입니다 가격대비 아주 좋네요,남성, 188cm, 75kg,보통이에요,보통이에요,보통이에요,보통이에요
제 스펙이랑 비슷하신 분들은 사이즈  으로 가면 딱 떨어지는 핏 나와요,여성, 172cm, 63kg,보통이에요,보통이에요,보통이에요,보통이에요
딱 무난해서 가격값하는 것 같습니다 재구매할것같아여,남성, 176cm, 68kg,보통이에요,보통이에요,보통이에요,보통이에요
시이즈도 괜찮고 질도 좋은 것 같아요 정말 잘 산 것 같네요,남성, 171cm, 60kg,보통이에요,보통이에요,보통이에요,보통이에요
제작년에 샀던 제품 지금까지 잘 입고 있어서 또 구매합니다  ,NaN,NaN,NaN,보통이에요,보통이에요,보통이에요,보통이에요
잘맞습니다 핏이나 얇기나 다 만족 흰옷이라 킴치국물이나 조심중 ㅎㅎ,NaN,NaN,NaN,보통이에요,보통이에요,보통이에요,얇아요
핏 원단 모두 좋아요  가성비 이너로 잘 입을것 같아요 ,NaN,NaN,NaN,보통이에요,보통이에요,보통이에요,얇아요
기본 긴팔 티셔츠로 아주 딱입니다 가격도 좋구요,남성, 171cm, 64kg,보통이에요,보통이에요,보통이에요,보통이에요
세일할 때마다 색 별로 모으고 있는 무신사 긴팔티,남성, 181cm, 58kg,보통이에요,보통이에요,보통이에요,보통이에요
원단은 좋은데 좀 얇아서 흰색은이너나 잠옷으로 입어야될것같습니다,남성, 171cm, 70kg,보통이에요,밝아요,선명해요,얇아요
편안하고 스포티한 룩으로 짱입니다  얇아서 여름에도 자주 입고있어요 좋습니다 ,남성, 177cm, 80kg,보통이에요,보통이에요,선명해요,얇아요
생각보다 크지 않네요 팔도 조금 짧네요질은 좋습니다,남성, 177cm, 81kg,보통이에요,보통이에요,보통이에요,보통이에요
봄이나 가을쯤에 입으면 느낌있고 좋아보입니다 기본탬으로 짱짱이에요,남성, 176cm, 64kg,보통이에요,보통이에요,보통이에요,얇아요
진짜 색감 미쳤습니다  개싸게 개이득 보고갑니다 ,NaN,NaN,NaN,보통이에요,밝아요,선명해요,보통이에요
길이도 딱맞고 이뻐요유  로 안사는 이후로 이런 기본티가 필요했는데 무신사 스탠다드 대만족입니다,NaN,NaN,NaN,보통이에요,보통이에요,보통이에요,보통이에요
아빠 사줬는데 그냥 무난하게 잘 입으셔요 예쁘대요,NaN,NaN,NaN,보통이에요,보통이에요,보통이에요,보통이에요
롱슬리브는 무탠다드가 최고네요 가성비가 너무 좋아요,NaN,NaN,NaN,보통이에요,보통이에요,보통이에요,보통이에요
기본템으로 좋습니다 팔기장은 접으면되니 크게 신경안써도 될듯,남성, 172cm, 68kg,보통이에요,보통이에요,보통이에요,보통이에요
재질도 탄탄하고 기장감도 적당해서 가볍게 입기 좋아요,남성, 176cm, 63kg,보통이에요,보통이에요,보통이에요,보통이에요
루즈하게 입으려고 하나 더 큰 사이즈로 주문했습니다  ,남성, 186cm, 76kg,보통이에요,보통이에요,보통이에요,보통이에요
편하게 입으려구 샀어요촉감 너무 좋고 가성비 최고입니다,남성, 179cm, 72kg,커요,보통이에요,선명해요,보통이에요
음  레이어드하기 베리 굿  이 옷 입었더니 기아 가을야구 간다네요,남성, 181cm, 78kg,보통이에요,보통이에요,보통이에요,보통이에요
사이즈도 충분해서 사용하기 편하고 색감이 예뻐요,NaN,NaN,NaN,보통이에요,보통이에요,보통이에요,보통이에요
너무 이뻐요 휘뚜루 마뚜루 가성비로 하기좋아요,NaN,NaN,NaN,보통이에요,보통이에요,보통이에요,보통이에요
사이즈는 저스트핏나오고 한시즌입기 딱좋아보여요,NaN,NaN,NaN,보통이에요,보통이에요,흐려요,보통이에요
딱 베이직하게 입기좋고 소재도 괜찮아요 흰티살꺼면 이거,NaN,NaN,NaN,보통이에요,보통이에요,보통이에요,보통이에요
무신사 티셔츠 가격도 착하고 이너로 입기 너무 좋아요,NaN,NaN,NaN,보통이에요,보통이에요,보통이에요,보통이에요
무난하게 입기 좋습니다 갠적으로 흰색이 더 맘에듭니다,남성, 173cm, 81kg,보통이에요,밝아요,선명해요,보통이에요
봄 가을엔 단품으로 잘 어울리며가벼운 티셔츠와도 잘 어울려요착용감 좋고사이즈도 넉넉하고 부드럽고왜 많이들 애용하는지 알겠네요좋아요,남성, 181cm, 90kg,보통이에요,밝아요,선명해요,보통이에요
기본 티로 가성비 최고에요 목 쫀쫀해서 좋습니다 ,NaN,NaN,NaN,보통이에요,보통이에요,보통이에요,보통이에요
이 가격에 이정도 퀄리티면 말 다했죠핏도 예쁘고 재질도 짱짱합니다,NaN,NaN,NaN,보통이에요,보통이에요,보통이에요,보통이에요
속티로 입어도 괜찮고 군살 없으신분들은 하나만 입어도 될 듯 합니다 얇아서 몸이 조금 드러나는 느낌이에요,NaN,NaN,NaN,보통이에요,보통이에요,선명해요,얇아요
이런 색 처음사봤는데 엄청 이뻐요 자주입고있습니다 ,NaN,NaN,NaN,보통이에요,밝아요,보통이에요,보통이에요
핏 이쁩니다 색감이 따뜻한 색감이라 여름에 입기엔 조금 더워보이긴하지만 조금 선선해지면 너무너무이쁠거같습니다,NaN,NaN,NaN,보통이에요,보통이에요,보통이에요,보통이에요
기본 슬리브는 역시 무탠다드네요 핏도 넉넉한게 여름에 잘입고있습니다,NaN,NaN,NaN,보통이에요,보통이에요,보통이에요,보통이에요
소재도 짱짱하고 레이어드해서 입으면 너무 좋습니다  ,NaN,NaN,NaN,보통이에요,밝아요,선명해요,보통이에요
너무 좋아서 매일 입고 나가고 싶네요  여러벌 살듯,NaN,NaN,NaN,보통이에요,보통이에요,보통이에요,보통이에요
남자용이라 그론지 넥라인이 넓은편이네요혹시 빨다가 늘어나지는 않을지 걱정이에요,남성, 172cm, 75kg,커요,보통이에요,보통이에요,보통이에요
여러번 빨았는데도 목 늘어나지고 않고 좋아요 추천합니다,남성, 178cm, 73kg,보통이에요,보통이에요,보통이에요,보통이에요
스탠다드 핏으로 나왔기 때문에 전투용으로 안에 받쳐입기 좋아요 ,여성, 167cm, 58kg,보통이에요,어두워요,보통이에요,얇아요
핏도 완전딱이고 가격도저럄해서 무난하게 잘입고다닐것같아요,남성, 172cm, 60kg,보통이에요,보통이에요,보통이에요,보통이에요
무탠다드 애용자입니다  화이트 컬러이며 살짝 얇은거 같아요  그래서 남성분들 젖꽂지가 살짝 보일수 있어요  살짝 정도 괜찮다면 추천드립니다  저는 만족하고 있어서 컬러별로 있습니다  보통 옷 100또는 라지 입는데 조금 루즈핏원해서   샀습니다   그래도 너무 좋아요,여성, 167cm, 51kg,보통이에요,보통이에요,보통이에요,보통이에요
역시 무신사가 무신사했네요 기본안에 받쳐입기 좋아요사이즈는 딱 정사이즈에요 ,NaN,NaN,NaN,보통이에요,보통이에요,선명해요,보통이에요
기본템인데 생각보다 두꺼워서 요즘날씨에는 못 입음 ,NaN,NaN,NaN,보통이에요,어두워요,보통이에요,두꺼워요
이너로ㅠ입을 롱슬리브 필요했는데 길이도 적당하고 아깨라인도 굿,NaN,NaN,NaN,보통이에요,보통이에요,보통이에요,보통이에요
이너로 입기엔 좋은데 단품으로 입기엔 얇은 감이 있다,NaN,NaN,NaN,보통이에요,보통이에요,보통이에요,보통이에요
이너로 입기 딱 좋아요ㅠㅠ키가 커서 일부러 큰사이즈 샀는데 만족스럽습니당 ㅎㅎ,NaN,NaN,NaN,보통이에요,보통이에요,보통이에요,보통이에요
블레이저랑입으려고샀는데 옷이엄청괜찮네요 핏도나쁘지않고,남성, 174cm, 72kg,보통이에요,보통이에요,보통이에요,보통이에요
그냥 기완전 기본적인 베이직 롱 슬리브임별 다른 특이점 없고 생각보다 오버핏,남성, 175cm, 63kg,보통이에요,보통이에요,보통이에요,보통이에요
저렴한 가격에 잘 구입해서 입고다니고 있습니다 ,남성, 175cm, 65kg,보통이에요,보통이에요,보통이에요,보통이에요
데일리로 입기 좋아요 심플이즈베스트입니다요,남성, 171cm, 60kg,보통이에요,보통이에요,보통이에요,보통이에요
진짜 예쁜 거 같아요    무난하게 다 잘 어울림  강추합니다 후후   ,남성, 173cm, 65kg,보통이에요,보통이에요,보통이에요,보통이에요
역시 심플이즈 베스트입니다  예쁘게 그냥저냥 자주 입고있어요 옷안에 이너로해도 예뻐요 ,남성, 172cm, 72kg,보통이에요,보통이에요,보통이에요,보통이에요
별로안비치고 적당히 두툼해요 지금 입기엔 더움,NaN,NaN,NaN,보통이에요,보통이에요,보통이에요,보통이에요
길이도 핏감도 두께도 다 적당히 좋아서 기본템으로 입기 좋아요,NaN,NaN,NaN,보통이에요,보통이에요,보통이에요,보통이에요
막 입기에 너무 편합니다  가격도 되게 저렴한 편이라 3개 샀습니다   ,NaN,NaN,NaN,보통이에요,보통이에요,보통이에요,보통이에요
둘다 화이트로 샀는데 핏도 이쁘고 착용감도 좋네요,NaN,NaN,NaN,보통이에요,밝아요,보통이에요,보통이에요
사진 비율이 좀 아쉽긴 한데 옷 만큼음 정말 최고에요,남성, 176cm, 71kg,보통이에요,보통이에요,보통이에요,보통이에요
예쁘고 깔끔합니다  가을 겨울에 잘 입을것 같아요,남성, 177cm, 61kg,보통이에요,보통이에요,보통이에요,보통이에요
넥라인 짱짱하고 저렴하고 넣어입기 딱 좋은 기장이에요,남성, 171cm, 65kg,보통이에요,보통이에요,보통이에요,보통이에요
핏도 무난무난하고 가격대비 효율이 너무 좋네요,NaN,NaN,NaN,보통이에요,보통이에요,보통이에요,보통이에요
레이어드로 입을 긴팔티라 필요했는데 흰 검 두방 세트로 싸게 잘 구한 거 같아요 ,NaN,NaN,NaN,보통이에요,밝아요,선명해요,보통이에요
사이즈 잘맞고 핏도 예뻐요ㅎㅎ 추천드립니다 하나씩 장만하세요 ,NaN,NaN,NaN,보통이에요,보통이에요,보통이에요,보통이에요
사이즈도 적당하고 만족합니다넣입하기좋네요,NaN,NaN,NaN,보통이에요,보통이에요,보통이에요,보통이에요
루즈하게 잘 맞으며 두께감이 적당합니다  추천합니다  ,NaN,NaN,NaN,보통이에요,보통이에요,보통이에요,보통이에요
사이즈 한치수 크게사시는 거 추천드려요 예쁩니다  굿,NaN,NaN,NaN,보통이에요,보통이에요,보통이에요,보통이에요
무난하게 잘 입고다님 사계절 다 입을수 있을듯 예쁨,NaN,NaN,NaN,보통이에요,보통이에요,보통이에요,보통이에요
좀 크긴 하지만 이너로 편하게 입기 좋았어요  근데 다음에는 그냥 여자용으로 살 것 같아요,남성, 170cm, 76kg,커요,보통이에요,보통이에요,보통이에요
모든 바지랑 매치 너무 좋은거같아요  짧은바지랑 많이 입을거같아요  ,여성, 162cm, 100kg,보통이에요,보통이에요,보통이에요,보통이에요
어깨가 너무 넓어서   로 샀는데 딱 사이즈가 맞네용,남성, 173cm, 67kg,보통이에요,보통이에요,보통이에요,보통이에요
기본템만으로도 이렇게 이쁜   모두들 구매하세여 ,NaN,NaN,NaN,보통이에요,보통이에요,보통이에요,보통이에요
정말 편하고 두께도 봄 가을 그리고 여름밤에 쪼금 쌀쌀할때 입기 좋아요,NaN,NaN,NaN,보통이에요,보통이에요,보통이에요,보통이에요
휘뚜루 마뚜루 입기 좋은 기본 흰색  검정색 티 입니다넥라인도 흐물거리지 않고 괜찮네요,NaN,NaN,NaN,보통이에요,보통이에요,선명해요,보통이에요
매번  구입하는 티셔츠 입니다    기본으로 아주 좋아요 ,NaN,NaN,NaN,커요,보통이에요,보통이에요,보통이에요
딱 기본티로 제격입니다 넣어입어도 핏 무난히 괜찮아요,NaN,NaN,NaN,보통이에요,보통이에요,보통이에요,보통이에요
너무좋고만족하고또살거고좋다아한번더좋다아,NaN,NaN,NaN,보통이에요,보통이에요,보통이에요,보통이에요
무탠 베이식 긴팔 꾸준히 애용하는중이에요 깔끔하고 입기 좋아요,NaN,NaN,NaN,보통이에요,밝아요,선명해요,보통이에요
댓글보니까 안 비치신가고 하시는데 비쳐요 꼭지 패드를 붙여야 될 정도로 비칩니다 옷은 이쁜데 안에 뭐라도 입고 입어야 할꺼 같네요,남성, 165cm, 53kg,보통이에요,밝아요,선명해요,보통이에요
가성비 좋게 살 사서 쓰고 있어요빨래 돌리고 건조기까지 돌렸는데도 괜찮네요,남성, 180cm, 60kg,보통이에요,보통이에요,보통이에요,보통이에요
키에 비해 큰 사이즈를 샀더니 팔이 길지만 옷은 예쁩니다,NaN,NaN,NaN,보통이에요,보통이에요,보통이에요,보통이에요
좋아요 재구매 핱거 같아요 가성비 너무 좋습니다 굿굿   ,NaN,NaN,NaN,보통이에요,보통이에요,보통이에요,보통이에요
단벌로 입어도 괜찮고 레이어드로 입어도 좋아요,NaN,NaN,NaN,보통이에요,보통이에요,보통이에요,보통이에요
재질이 시원해서 여름에도 즐겨 입을 수 있고 탄탄해서 만족합니다 ,NaN,NaN,NaN,보통이에요,보통이에요,보통이에요,보통이에요
쫀쫀한 원단이어서 좋아요  여름에 입기에는 조금 더워요,NaN,NaN,NaN,보통이에요,보통이에요,보통이에요,보통이에요
기본티로 깔끔하고 어디에나 잘 어울려서 잘 입을듯 ,NaN,NaN,NaN,보통이에요,보통이에요,보통이에요,보통이에요
사이즈도 잘맞고 색감도 좋고 편안합니다 좋아요,NaN,NaN,NaN,보통이에요,어두워요,선명해요,보통이에요
사이즈도 잘맞고 색감도 좋고 편안합니다 좋아요,NaN,NaN,NaN,보통이에요,밝아요,선명해요,보통이에요
기본적인 베이직 면티를 찾다가무신사 제품으로 구입했어요이너로 입기 무난합니다  ,남성, 183cm, 68kg,보통이에요,보통이에요,보통이에요,보통이에요
무난한 무지티  깔끔하고 좋아요 살짝 오버핏 이긴합니다 ,남성, 173cm, 77kg,보통이에요,밝아요,선명해요,얇아요
무난한 재질에 얇지않아 속비침이 적은점이 가장 마음에 들어요,남성, 176cm, 65kg,보통이에요,밝아요,선명해요,보통이에요
저렴한 가격에 편하게 입을수 있는 옷입니다 잘입을께요 ,남성, 173cm, 57kg,보통이에요,보통이에요,보통이에요,보통이에요
무난한 디자인  적당한 사이즈  착한 가격  다음에도 살 의향 있음,NaN,NaN,NaN,보통이에요,보통이에요,보통이에요,보통이에요
안에 이너로 입기도 좋고 그냥 밖에 하나만 입기에도 좋아요,NaN,NaN,NaN,보통이에요,보통이에요,보통이에요,보통이에요
얇아서 더운날이나 계절에 입기 좋아요아우터안에 입기에도 좋고잘 늘어나지도 않아요 내구성도 좋습니다다른 티셔츠보다는 가슴폭이 살짝 좁아요 그래도 입기에는 좋습니다,NaN,NaN,NaN,보통이에요,보통이에요,보통이에요,얇아요
위아래 검정계열로 깔끔하게 입어도 좋습니다 어깨핏도 적당하고 허리도 잘 빠졌습니다,NaN,NaN,NaN,보통이에요,보통이에요,보통이에요,보통이에요
이뻐용간단하게 입고 나가기 느무 좋습니다잘 입을게요,NaN,NaN,NaN,보통이에요,밝아요,선명해요,보통이에요
운동해서 어깨가 넓은데 기장이 너무 길지않고 딱좋아요 ,NaN,NaN,NaN,보통이에요,보통이에요,보통이에요,보통이에요
재질이 너무 좋아서 편하게 입고있어요 추천합니다,남성, 176cm, 56kg,보통이에요,보통이에요,보통이에요,보통이에요
여름에 입을 얇은 롱슬리브 필요했는데 저렴한 가격에 예쁜 제품 구매했습니다 ,남성, 182cm, 68kg,보통이에요,밝아요,보통이에요,보통이에요
쿨탠다드만큼 시원하진 않지만 얇아서 활용도가 높네요 틸 색감 오묘하니 매력적이네요,남성, 182cm, 68kg,보통이에요,보통이에요,선명해요,얇아요
쿨탠다드만큼 시원하진 않지만 얇아서 활용도가 높네요 아보카도 색감 만족스러워요,남성, 178cm, 83kg,보통이에요,보통이에요,선명해요,얇아요
재질도 좋고 배송도 빠르고 만족합니다잘산거같아요,남성, 171cm, 63kg,보통이에요,보통이에요,보통이에요,보통이에요
믿고사는 무탠다드  사이즈 딱 맞고 좋아요  잔뜩 사놔야겠어요,NaN,NaN,NaN,보통이에요,보통이에요,보통이에요,보통이에요
상품 생각보다 튼튼하고 면이 좋아요  할인해서 가성비 좋아요 ㅎㅎ,NaN,NaN,NaN,보통이에요,보통이에요,선명해요,보통이에요
너무 만족해요조금 쌀쌀할 때 밤에 입고 나가기 최고입니다,NaN,NaN,NaN,보통이에요,보통이에요,보통이에요,보통이에요
5번째 구매중인 긴팔  가성비 최강입니다 목이 잘 늘어나긴 해요,NaN,NaN,NaN,보통이에요,보통이에요,보통이에요,보통이에요
봄가을에 막입기 좋은 긴팔티 찾으시면 추천드립니다  오렌지색은 생각보다 쨍하네요 ,NaN,NaN,NaN,보통이에요,밝아요,선명해요,보통이에요
이너로 막입을 긴팔티 살때면 유니클로나 무탠다드 찾게되네요  저렴한가격에 적당한 품질이라 만족합니다,남성, 171cm, 63kg,보통이에요,밝아요,보통이에요,보통이에요
배송빠르고 흰색은 살짝 비치지만 좋아요 주름도 살짝 잡히는것 같아요,남성, 175cm, 72kg,커요,보통이에요,보통이에요,얇아요
가성비 가격에 봄 가을에 활용성 좋아요   잘입겠습니다  ,남성, 171cm, 60kg,보통이에요,보통이에요,보통이에요,보통이에요
셋업 안에 이너로 입으려고 샀는데 아주 만족합니다  단품으로 입어도 이뻐요  가성비가 미쳤습니다 ,남성, 172cm, 75kg,보통이에요,보통이에요,보통이에요,보통이에요
후기를 늦게 쓰는데 초가을이나 봄에 입고 다니기 좋네요,NaN,NaN,NaN,보통이에요,보통이에요,보통이에요,보통이에요
긴팔 흰티 사려하니 역시 무탠다드가 가장먼저 떠오르더라고요  좋은 옷 잘 입겠습니다 ,NaN,NaN,NaN,보통이에요,보통이에요,보통이에요,보통이에요
덜도말고 더도말고 기본템입니다  화이트 색상이 선명하며  만족합니다 ,NaN,NaN,NaN,보통이에요,보통이에요,선명해요,보통이에요
색상이랑 핏도 너무 좋아요 고민하고 있다면 추천드려요  ,NaN,NaN,NaN,보통이에요,보통이에요,보통이에요,보통이에요
 사이즈 말고   사이즈 시키니까 입기 훨 좋네요,NaN,NaN,NaN,보통이에요,보통이에요,보통이에요,보통이에요
비침없고 데일리로 괜찮은거같아요만족해요  너무 두껍지 않고 괜찮은 거 같아요,NaN,NaN,NaN,보통이에요,보통이에요,보통이에요,보통이에요
전체적으로 사이즈는  사이즈인 것 같아요 평소  사이즈를 입는데 어깨 사이즈도 잘 맞고 팔 길이는 조금 긴 것 같지만 만족합니다,남성, 179cm, 84kg,커요,밝아요,선명해요,두꺼워요
광장히 이뻐요 단색인데도 옷안에다 입어도 굉장히 이뻐요,남성, 164cm, 55kg,보통이에요,보통이에요,보통이에요,보통이에요
얇고 길이도 적당하구여 여름에 딱인듯 너무 잘샀어요    ,남성, 172cm, 56kg,보통이에요,밝아요,흐려요,얇아요
편하게 전투용으로 좋은 것 같아요색도 그냥 하얀색이 아니라서 좋아요,남성, 178cm, 67kg,보통이에요,보통이에요,보통이에요,보통이에요
음 그냥 좀더주고 소비템이여도 속옷아닌이상에야 다른거살것같음,NaN,NaN,NaN,보통이에요,보통이에요,보통이에요,보통이에요
기본 블랙티 하나 필요해서 샀는데 매우 만족했습니다 ,NaN,NaN,NaN,보통이에요,보통이에요,보통이에요,보통이에요
고냥 루즈한 긴팔 정석 더워지기 전엔 매일 입었었슴니다 컬러별로 구매예정,NaN,NaN,NaN,보통이에요,어두워요,선명해요,보통이에요
가성비 좋고 깔끔하기 입기 좋습니다  만족스럽습니다 ,NaN,NaN,NaN,보통이에요,보통이에요,보통이에요,보통이에요
얇고 너무 좋아요  목 부분도 짱짱해서 잘 안 늘어날 것 같아요 ,NaN,NaN,NaN,보통이에요,어두워요,보통이에요,얇아요
핏도 잘잡아주고 튼튼하면서 떨어지는 핏이 예쁩니다,NaN,NaN,NaN,보통이에요,밝아요,선명해요,보통이에요
좋은 제품 잘 받았어요다음에 또 구매할게요 감사합니다,남성, 178cm, 70kg,보통이에요,보통이에요,보통이에요,보통이에요
옷질감이 너무 좋고 시원해서 여름에 입어도 좋아요,남성, 172cm, 95kg,보통이에요,밝아요,보통이에요,보통이에요
아주 좋습니다 원단도 좋고 부드러워요 고민말고 구매요,남성, 170cm, 64kg,보통이에요,보통이에요,보통이에요,보통이에요
노멀한 긴팔 면티입니다 기존 반팔 면티에 팔만길다고 보면 됩니다,남성, 170cm, 64kg,보통이에요,보통이에요,보통이에요,보통이에요
무난무난 긴팔티라 흰색이랑 같이 구매했습니다,남성, 177cm, 80kg,보통이에요,보통이에요,보통이에요,보통이에요
사이즈도 딱맞고 어디든 어울려서 코디하기 편합ㄴㅣ다,여성, 160cm, 46kg,보통이에요,보통이에요,보통이에요,보통이에요
가성비 극강입니다 이너로 입기 좋을거같구 착용감도 좋아요,여성, 164cm, 57kg,보통이에요,보통이에요,보통이에요,보통이에요
무난하게 입기 딱 좋은 거 같아요 역시 무탠다드네요,NaN,NaN,NaN,보통이에요,보통이에요,보통이에요,보통이에요
얇아서 좀 비칩니다  이너로 입기 좋아요 가성비 좋습니다,NaN,NaN,NaN,보통이에요,보통이에요,보통이에요,얇아요
기본템은 무탠다드라는 후기 많이 봤는데 진짜 좋네요   굿굿 ,NaN,NaN,NaN,보통이에요,보통이에요,선명해요,보통이에요
적당한 오버핏이라 입어보니 핏이 이쁘네요 이너 입어야 몸에 덜 달라 붙네요,남성, 176cm, 63kg,보통이에요,어두워요,선명해요,보통이에요
롱슬리브 다른거도 사봤는데 무탠다드가 젤 좋네요 두깨도 적당해서 안비치고 많이 팔리는데는 이유가 있네요,남성, 173cm, 55kg,보통이에요,보통이에요,보통이에요,보통이에요
살짝 팔이 기네요 편하게 잘 입을 수 있을 거 같아요에어리즘을 입고도 속이 좀 보여서 이너로만 쓰려고요,남성, 168cm, 70kg,보통이에요,보통이에요,보통이에요,보통이에요
막 오버하거나 하진 않고 딱 정핏이네요 한사이즈 크게 가도 좋을듯,남성, 166cm, 58kg,보통이에요,보통이에요,보통이에요,보통이에요
예쁘고 무난한 베이직 핏 긴팔입니당  사이즈는   추천 드려용 ,NaN,NaN,NaN,보통이에요,보통이에요,보통이에요,보통이에요
핏도 딱 좋게 떨어지고 레이어드해서 입는데 좋은 거같아요 ,NaN,NaN,NaN,보통이에요,보통이에요,보통이에요,보통이에요
배송빠르고 상태좋습니다여러모로 잘 활용할게요,NaN,NaN,NaN,보통이에요,보통이에요,보통이에요,보통이에요
봄에 블레이저 이너로 입기에 적당한 것 같습니다 ,NaN,NaN,NaN,보통이에요,보통이에요,보통이에요,보통이에요
편하게 입기 좋아요  진짜 무난하고 핏도 너무 예쁜듯   ,NaN,NaN,NaN,보통이에요,보통이에요,보통이에요,보통이에요
아주좋습니다 원하는핏입니다  잘샀다고요 진짜로   ,NaN,NaN,NaN,보통이에요,보통이에요,보통이에요,보통이에요
사이즈 두께감 적당한 기본 흰티 입니다어디에나 잘 어울려요,남성, 170cm, 64kg,보통이에요,보통이에요,보통이에요,보통이에요
길이도 딱 좋고 레이어드나 단벌로 입어도 이쁩니다   ,남성, 182cm, 82kg,보통이에요,보통이에요,보통이에요,보통이에요
재질도 좋고 가성비 최고인 긴팔이네요잘입겠습니다,남성, 100cm, 100kg,보통이에요,보통이에요,보통이에요,보통이에요
옷 질감이 좋고 핏도 좋고 긴 팔 하나 필요했는데 감사합니다,NaN,NaN,NaN,커요,밝아요,선명해요,보통이에요
가성비 좋고 핏 소재 모두 좋습니다 여러장 더 사고 싶습니다,NaN,NaN,NaN,보통이에요,보통이에요,보통이에요,보통이에요
두번째구매인데가장무난하고기본이라서좋습니다,NaN,NaN,NaN,보통이에요,보통이에요,보통이에요,보통이에요
옷이 코디하기 좋고 편안해서 아주 만족스럽습니다,NaN,NaN,NaN,보통이에요,보통이에요,보통이에요,보통이에요
와이드 팬츠에 활용해서 미니멀 한 코디에 사용합니다,NaN,NaN,NaN,보통이에요,보통이에요,보통이에요,보통이에요
2  도 이쁘게 입을 수 있을 거 같아요   는 이너로 활용 굿굿,NaN,NaN,NaN,보통이에요,보통이에요,보통이에요,보통이에요
 품절이라  샀는데 괜찮은거 같아요 만족합니다,NaN,NaN,NaN,보통이에요,보통이에요,보통이에요,보통이에요
나풀나풀하니 대충 입기 좋은 아이템이에요 좋아 ,남성, 176cm, 78kg,보통이에요,보통이에요,보통이에요,보통이에요
사이즈도 좋고 면도 탄탄해서 오래 입을 수 있을거같아요 ,남성, 174cm, 88kg,보통이에요,보통이에요,보통이에요,보통이에요
사이즈가 생각보단 크지않습니다 얇습니다 목라인이 좀만더짱짱하면 좋을듯하네요,여성, 161cm, 59kg,커요,보통이에요,보통이에요,보통이에요
기본템으로 무난하게 아무데나 입을 수 있어서 좋아요,남성, 170cm, 55kg,보통이에요,보통이에요,보통이에요,보통이에요
오버핏으로 입기도 너무 좋고 넣어서 입어도 되고 풀어 입어도 되서 여러므로 만족  색 누래지면 재구매 ,NaN,NaN,NaN,커요,보통이에요,보통이에요,보통이에요
집에서 편하게 입기도 좋도 이너로도 좋도 그냥 가볍게 입기도 완벽해요,NaN,NaN,NaN,보통이에요,보통이에요,보통이에요,보통이에요
가디건이랑 입으니까 예쁘네요 가격도 싸고 잘 입을게요,NaN,NaN,NaN,보통이에요,보통이에요,보통이에요,보통이에요
키작아서   살껄 하고 살짝 후회했지만 널널해서 편한듯 ,NaN,NaN,NaN,커요,보통이에요,선명해요,보통이에요
한사이즈 더 크게 샀으면 더욱 좋았겠지만 그래도 만족스럽습니다  가성비도 최고네용,NaN,NaN,NaN,보통이에요,보통이에요,보통이에요,보통이에요
옷이 얇아 여름에 입기 좋아요 그리고 색깔도 선명해 이뻐요,NaN,NaN,NaN,보통이에요,보통이에요,선명해요,얇아요
믿고사는 무탠다드  폭은 그리 크지않은데 팔기장이 생각보다 깁니다 ,남성, 178cm, 65kg,보통이에요,보통이에요,보통이에요,보통이에요
기본이너로 이만한게 없는듯  매번 잘 이용하고있어요,남성, 178cm, 65kg,보통이에요,보통이에요,보통이에요,보통이에요
기본이너로는 이만한게 없는듯  매번 자주 이용하고있어요,여성, 160cm, 54kg,보통이에요,보통이에요,보통이에요,보통이에요
아주 편해서 자주입게 됩니다 옷 퀄리티도 가성비 좋아요,여성, 161cm, 60kg,보통이에요,보통이에요,보통이에요,보통이에요
이거입고 말라보인다는말 엄청들었어요ㅎ3ㅎ단편하게 입기 넘 좋아요 퀄리티도 좋고요면에 스판을 한방울 섞은 재질 입이다6월 현재 막 덥다는 느낌은 안들어요초여름까지 잘입을게요겨울엔 이너로 입기 좋을거같아요 ,남성, 181cm, 74kg,보통이에요,보통이에요,선명해요,보통이에요
정말 기본 아이템 자주 세탁해도 목 안 늘어나서 좋네요,NaN,NaN,NaN,보통이에요,보통이에요,보통이에요,보통이에요
나만 그런지 모르겠는데 줜나 비침  속옷도 하얀색인데 되게 잘보여서 밖에서 입을수 있을지 모르겠음  사이즈는 크게입는거 좋아해서   샀는데  도 널널하게 맞을것같음  비치는건 하얀색이라 어쩔수 없는것 같고 가성비 좋은것 같아서 다른색도 여러벌 살듯 ,NaN,NaN,NaN,커요,밝아요,선명해요,얇아요
흼색 옷이 필요래서 샀는데 적당하게 잘 산 것 같고  소재도 부드러워서 잘 입을 것 같아요,NaN,NaN,NaN,보통이에요,밝아요,선명해요,보통이에요
사이즈 딱 맞아서 좋아요  편하게 입을 수 있어서 좋습니다 ,NaN,NaN,NaN,보통이에요,보통이에요,보통이에요,보통이에요
짧은 팔 티셔츠에 레이어드 해서 입어도 좋아요 역시 가성비 아이템 무탠다드 입니다,NaN,NaN,NaN,보통이에요,보통이에요,선명해요,얇아요
레이어드로 입으려고 샀습니다 만족합니다 좋아요,남성, 188cm, 62kg,보통이에요,밝아요,선명해요,보통이에요
사이즈를 좀 크게 골랐는데 그래도 편하고 좋아요    상의만 구매햇는데 전신이어야 하나요 ㅠ ,남성, 170cm, 65kg,커요,보통이에요,보통이에요,보통이에요
질이 좋은 기본 무지티입니다  이너로 자주 입고 있습니다 ,남성, 180cm, 86kg,보통이에요,보통이에요,보통이에요,얇아요
역시 좋아요긴팔인데 시원함속에도 안비치고 좋아요,남성, 168cm, 60kg,커요,밝아요,선명해요,얇아요
적당히 길고 적당히 얇아요  넣어서 입어도 예쁩니다,남성, 168cm, 60kg,보통이에요,보통이에요,보통이에요,얇아요
적당히 길고 얇습니다  6월에 단품으로 입고다녀도 괜찮아요,남성, 174cm, 73kg,보통이에요,보통이에요,보통이에요,얇아요
역시 무탠다드에요 많이 입어봐야 겠지만 목 안늘러나여,남성, 173cm, 63kg,보통이에요,보통이에요,보통이에요,보통이에요
생각보다 얇아서 한여름에도 입을 수 있을 듯 아주 좋네요,NaN,NaN,NaN,보통이에요,보통이에요,보통이에요,얇아요
얇아서 흰색은 비칠 수도 있어요 패치 붙이고 입으면 돼요,NaN,NaN,NaN,보통이에요,보통이에요,보통이에요,보통이에요
좋아요  롱슬리브 필요하면 무신사 추천해요  또 살 것 같아요 ,NaN,NaN,NaN,보통이에요,보통이에요,보통이에요,보통이에요
가격대비 원단이나 핏이 좋습니다 굿굿 기본으로 아주 좋습니다,남성, 182cm, 70kg,보통이에요,밝아요,선명해요,보통이에요
팔길이 딱 적당하고 핏도 생각한대로 나오네요 비침도 없는거같아서 만족  당연하지만 한여름에 입기는 덥습니다 기본템 강추 ,남성, 168cm, 58kg,보통이에요,보통이에요,보통이에요,보통이에요
무지티의 끝판왕   핏이 되게 예쁘게 잡혀요 저처럼 어깨가 좋으신 분들도 아주 좋은 티입니다  살짝 오버하게 입어서 왜소해 보이지 않고 기본티라 어디에 걸쳐도 예쁠 듯해요ㅎㅎ,남성, 174cm, 74kg,보통이에요,보통이에요,보통이에요,보통이에요
팔길이 기장 다 딱 맞아요  한여름에도 애용할듯요  ,남성, 179cm, 60kg,보통이에요,보통이에요,보통이에요,보통이에요
이거는 꾸준히 재구매 해야함 개조아 가성비 굳굳입니당,NaN,NaN,NaN,보통이에요,보통이에요,보통이에요,보통이에요
단독으로 입기도 괜찮고 질도 좋습니다 한번 세탁했는데 아직 목 시보리도 괜찮아요,NaN,NaN,NaN,보통이에요,보통이에요,보통이에요,보통이에요
뭐 무탠다드는 별다릉 평가가 필요 없죠  기본템으로 완전 추천,NaN,NaN,NaN,보통이에요,보통이에요,선명해요,보통이에요
저렴한 가격으로 질 좋은 제품 구매해서 만족합니다 ,NaN,NaN,NaN,보통이에요,보통이에요,보통이에요,보통이에요
무난하게 입기 딱 좋은 긴팔이네요  길이감 괜찮고 원단은 그냥 면인데 좀 얇은 그런 원단인 거 같구요  여름에 날이 애매하게 선선하면 꾸준히 입을 것 같습니다 ,NaN,NaN,NaN,커요,밝아요,선명해요,보통이에요
소매기장이 살짝 아쉽지만 가격 생각하면 너무 좋아요 ,NaN,NaN,NaN,보통이에요,보통이에요,보통이에요,보통이에요
하나 있으면 두루두루 많이 입을 거 같아서 샀는데 마음에 듭니다 하얀색도 사고 싶네요,남성, 180cm, 75kg,보통이에요,어두워요,선명해요,보통이에요
기본템으로 너무 좋은거 같아요  검은색도 샀습니다,NaN,NaN,NaN,보통이에요,보통이에요,보통이에요,보통이에요
두께감이 좀 있어 이너로도  그냥 티셔츠만으로도 입을 수 있어서 활용도가 좋을것 같습니다 색도 딱 이쁘고 사이즈도 잘맞습니다,NaN,NaN,NaN,보통이에요,보통이에요,선명해요,보통이에요
스탠다드 핏이여서 슬림하게 떨어지는 라인이라 아우터랑 입을때 이너로 입기 편할거같고 적당한 두께감이라 지금같은 환절기에 입기 좋은거 같아요 길이감도 적당해서 안에 넣어입기도 빼서 입기도 좋은것 같습니다  가성비 대비 너무 만족스러워요 ,NaN,NaN,NaN,보통이에요,보통이에요,보통이에요,보통이에요
사이즈도적당하고 색상도 맘에듭니다 옷재질도좋아요,NaN,NaN,NaN,보통이에요,보통이에요,보통이에요,보통이에요
정말 편하고 좋아요 사이즈 넉넉하고 매일 데일리로 입고 다닙니다 정말좋아오  ,NaN,NaN,NaN,보통이에요,보통이에요,보통이에요,보통이에요
무신사 스탠다드 베이식 반팔이랑 같이 입고 새벽 운동갈때 마다 입습니다   ㅎㅎ 좋아요,NaN,NaN,NaN,보통이에요,보통이에요,보통이에요,보통이에요
데일리로 입기 좋은 긴팔  무신사 스탠다드 제품은 가성비 정말 최고 입니다 ,NaN,NaN,NaN,보통이에요,보통이에요,보통이에요,보통이에요
간절기 시즌에 무적의 출퇴근용으로 입기 아주 좋아요 ㅎㅎ 얇지도 않고 ,NaN,NaN,NaN,보통이에요,보통이에요,보통이에요,보통이에요
조아여 기본티로 힌색사고 또 산고임 흐흐 감사해용,NaN,NaN,NaN,보통이에요,보통이에요,보통이에요,보통이에요
집앞이나 비올 때 편하게 입고다니기 좋은 두께에요,남성, 180cm, 72kg,보통이에요,어두워요,선명해요,얇아요
가성비 만족합니다 자주자주 이용합니다핏이좋구 만족합니다,남성, 174cm, 71kg,보통이에요,보통이에요,보통이에요,보통이에요
얇고 원단도 좋은 것 같아서 자주 입고 다니게 되네요,남성, 180cm, 70kg,보통이에요,보통이에요,보통이에요,보통이에요
기본이라서 활용도가 좋네요 기장이 좀 길지만 그냥 입을게요,남성, 178cm, 78kg,보통이에요,보통이에요,보통이에요,보통이에요
요즘 다시 살짝 추워졌는디 레이어드로 입으니까 딱이에요,NaN,NaN,NaN,보통이에요,보통이에요,보통이에요,보통이에요
가볍게 청바지랑 같이 입어도 꾸안꾸느낌 낼수있음,NaN,NaN,NaN,보통이에요,보통이에요,보통이에요,보통이에요
처음 구매해보는데 마음에드네요색갈도 이쁘고 핏도 좋네요,NaN,NaN,NaN,보통이에요,보통이에요,보통이에요,보통이에요
무난해서 꼭 있어야하는 필수 옷이예요 흰 검 긴팔티 없는분들은 꼭 구매하세요,NaN,NaN,NaN,보통이에요,보통이에요,보통이에요,보통이에요
요즘 같은날 입기 좋은거 같습니다가성비 굿 입니다  ,NaN,NaN,NaN,보통이에요,보통이에요,보통이에요,보통이에요
기본 긴팔티로 입기 좋네요 사이즈도 여유있어서 부담스럽지 않고 좋아요,NaN,NaN,NaN,보통이에요,보통이에요,보통이에요,보통이에요
무난하면서도 항상 어디든지 잘어울리는 티입니다 색별로 구매하구 있어요,NaN,NaN,NaN,보통이에요,보통이에요,보통이에요,보통이에요
무난하면서도 항상 어디든지 잘어울리는 티입니다 색별로 구매하구 있어요,NaN,NaN,NaN,보통이에요,보통이에요,보통이에요,보통이에요
무난하면서도 항상 어디든지 잘어울리는 티입니다 색별로 구매하구 있어요,NaN,NaN,NaN,보통이에요,보통이에요,보통이에요,보통이에요
몇 번 입으면 팔꿉치가 맨들맨들해져요  옷 끝단으로 갈수록 옷이 벌어져요 ,NaN,NaN,NaN,보통이에요,보통이에요,보통이에요,보통이에요
몇 번 입으면 팔꿉치가 맨들맨들해져요  옷 끝단으로 갈수록 옷이 벌어져요 ,NaN,NaN,NaN,보통이에요,보통이에요,보통이에요,보통이에요
가볍게 착용할 수 있고 여름에도 입어도 무난하네요,NaN,NaN,NaN,보통이에요,밝아요,선명해요,보통이에요
무난한 검정 롱슬리브입니다 이너로 입기좋아요,NaN,NaN,NaN,보통이에요,보통이에요,보통이에요,보통이에요
실제로 받아서 입어보니 질이 너무 좋고 코디하기 좋네요,NaN,NaN,NaN,보통이에요,보통이에요,보통이에요,보통이에요
레이어드나 이너로 입으려고 샀는데 여름이니까 단독으로 입어도 좋을 것 같아요,NaN,NaN,NaN,보통이에요,보통이에요,선명해요,보통이에요
기장이 레이어드로 활용해도 너무 좋을거같습니다,NaN,NaN,NaN,보통이에요,보통이에요,보통이에요,보통이에요
엑라 샀다가 건조기 잘 못 돌려서 너무 줄어들어가지구 투엑라 샀습니다  역시 오버한게 좋네요 ㅎㅎ,남성, 187cm, 74kg,보통이에요,보통이에요,선명해요,보통이에요
탄탄하고 좋아요 184기준 2   여유있게 맞는편,남성, 184cm, 74kg,보통이에요,보통이에요,보통이에요,보통이에요
역시 이쁜 무탠다드   데일리로 마구마구 입기 너무 좋은 제품입니다 ,남성, 184cm, 78kg,보통이에요,보통이에요,보통이에요,보통이에요
검정색 기본이너로 어떤거랑 매치해도 잘어울릴 것 같아요 깔끔합니다,남성, 165cm, 55kg,보통이에요,보통이에요,보통이에요,보통이에요
이너용으로 샀는데 어떤식으로 매치해도 잘 맞을것 같아요  ,남성, 170cm, 67kg,보통이에요,보통이에요,보통이에요,보통이에요
봄 가을에 이너용으로 활용하기 좋아요  사이즈도 오버핏이라서 어깨라인 스타일도 마음에 들어용  잘 입겠습니다  감사합니다 ,NaN,NaN,NaN,보통이에요,보통이에요,보통이에요,보통이에요
조금 루즈하긴 한데 가성비가 좋아요 전투복으로 입으세요,NaN,NaN,NaN,보통이에요,보통이에요,보통이에요,보통이에요
길이 딱 좋고 두께도 좋고 목도 잘 안늘어날듯 자주 입을듯,NaN,NaN,NaN,보통이에요,보통이에요,보통이에요,보통이에요
기본으로 입기 딱좋네요 가을에나되야입겠지만,NaN,NaN,NaN,보통이에요,보통이에요,보통이에요,보통이에요
제품의 사진처럼 똑같습니다  캐주얼 느낌을 줄 때 꼭 필요한 티셔츠네요 ,NaN,NaN,NaN,보통이에요,밝아요,선명해요,보통이에요
레이어드용으로 주로 사용합니다단품으로도 핏감 괜찮습니다,남성, 187cm, 83kg,보통이에요,보통이에요,보통이에요,보통이에요
가볍고 얇아서 여름에도 입기 좋은 긴팔 티셔츠에요 마음에 들어서 하얀색도 같이샀네요,남성, 163cm, 59kg,보통이에요,보통이에요,보통이에요,보통이에요
가볍게 입기 좋은 티셔츠에요  마음에 들어서 검은색도 샀네요,남성, 178cm, 57kg,보통이에요,보통이에요,보통이에요,보통이에요
두껍지도 않고 기대했던 것 보다 핏이 너무 좋아서 놀랐어요  막 입기 좋은 전투용 긴팔티로 추천해요 ,NaN,NaN,NaN,보통이에요,보통이에요,보통이에요,얇아요
항상신뢰하는무탠 잘입고다니겠습니다  세인전에샀지만 안아깝네요,NaN,NaN,NaN,보통이에요,보통이에요,보통이에요,보통이에요
역시 무탠다드 가성비 진짜 좋아요 근데 목이 쫀쫀하지가 않네요,NaN,NaN,NaN,보통이에요,보통이에요,보통이에요,보통이에요
얇아서 가볍게 입기 좋아요 여름부터 초가을까지는 무난흐게 입을 듯,NaN,NaN,NaN,보통이에요,어두워요,보통이에요,얇아요
단벌로 입어도 좋고 이너로 입어도 좋은 활용성 높은 흰 롱슬리브입니다  정말 기본템이에요,NaN,NaN,NaN,보통이에요,보통이에요,보통이에요,보통이에요
좋아연 기본티로 이너로도좋고 흰색짱 크크감사여,NaN,NaN,NaN,보통이에요,보통이에요,보통이에요,보통이에요
레이어드해서 입어도 되고 그냥 입어도 돼서 정말 좋은 아이템 같아요 ,NaN,NaN,NaN,커요,밝아요,보통이에요,보통이에요
옷 짱짱하고 아주 좋아요  자켓이랑 입으면 딱이에요 ,남성, 184cm, 88kg,보통이에요,어두워요,선명해요,보통이에요
예뻐요  여름에 입기도 정말 좋아요  덥지 않아서 좋아요,남성, 180cm, 74kg,보통이에요,보통이에요,보통이에요,보통이에요
 길이감이 살짝 긴 감이 있는데 가성비로 너무 좋아요  ,남성, 182cm, 76kg,보통이에요,보통이에요,보통이에요,보통이에요
가성비 이너티로는 최상급인것 같습니다  가격에 바해서는 면 소재도 좋고 툭튀도 걱정이 잘 안돼요,남성, 174cm, 63kg,보통이에요,보통이에요,보통이에요,보통이에요
은근히 얇아서 초여름에도 단품으로 입을수있겠네요,NaN,NaN,NaN,보통이에요,보통이에요,보통이에요,보통이에요
원단 좋고 핏 좋아요 모두 다 좋습니다 잘 입을게요,NaN,NaN,NaN,보통이에요,보통이에요,보통이에요,보통이에요
깔끔하게 입기좋아요ㅎㅎ 생각보다 두께감있어서 안비치는거 같애서 좋습니다 가성비 굿 ,NaN,NaN,NaN,보통이에요,보통이에요,보통이에요,보통이에요
역시 기본티는 무신사가 좋네요 핏도 괜찮고 저렴,NaN,NaN,NaN,보통이에요,보통이에요,보통이에요,보통이에요
깔끔한 롱슬리브 티셔츠이고 어떤 기본티보다도 기본에 충실한 원단입니다,NaN,NaN,NaN,보통이에요,보통이에요,보통이에요,보통이에요
깔끔한 롱슬리브 티셔츠이고 어떤 기본티보다도 기본에 충실한 원단입니다,NaN,NaN,NaN,보통이에요,보통이에요,보통이에요,보통이에요
너무 편하고 시원하네요 ㅎ핏도 진짜예뻐서 코디하기 정말쉽습니다 역시 믿고사는 무탠다드 재구매 의사있습니다 ㅎ,남성, 180cm, 65kg,보통이에요,보통이에요,보통이에요,얇아요
    이건 줄어든 다음에 찍은 사진이구여건조기 돌리니까 팍팍 줄어드네요 제키 분들은  사시면 좋을 것 같아요 그리고 검정 먼지 잘붙음,남성, 178cm, 67kg,커요,밝아요,선명해요,얇아요
요즘같은 일교차 큰 기간엔 티만입다 쌀쌀해질때 걷옷챙기기 바쁜데  셔츠입을때나 자켓걸칠때 이너로 잘 입고있어요 ,남성, 178cm, 74kg,보통이에요,보통이에요,보통이에요,보통이에요
아구이뻐요 기본긴팔티 중 갑입니다  하나씩 장만해두세요 ,남성, 182cm, 100kg,보통이에요,보통이에요,선명해요,보통이에요
너무 만족합니다  검정도 사이즈 나오면 얼른 사고싶어요 ,남성, 167cm, 60kg,보통이에요,보통이에요,보통이에요,보통이에요
가성비 너무 좋고 레이어드 하기도 좋은 아이템이네요,남성, 170cm, 56kg,보통이에요,보통이에요,보통이에요,보통이에요
그냥 색감 딱이에용 멋져용 사랑해용가리치킨드레드레드락,NaN,NaN,NaN,보통이에요,보통이에요,보통이에요,보통이에요
세일할때 잘 샀습니다 기본 티셔츠는 역시 스탠다드,NaN,NaN,NaN,보통이에요,보통이에요,보통이에요,보통이에요
넥라인도 깔끔하고  소재도 평균이상이네요  역시 무탠다드,NaN,NaN,NaN,보통이에요,보통이에요,보통이에요,보통이에요
작업복으로 입을려고 구매했습니다ㅎㅎ 가성비 완전 좋네요  가을에 또 구매해야 겠습니다 ,NaN,NaN,NaN,보통이에요,보통이에요,보통이에요,보통이에요
기장 딱 좋아요 고민이시면 제 체형 엑라 추천합니다 ,남성, 181cm, 78kg,보통이에요,보통이에요,보통이에요,보통이에요
잘맞고 질 좋아요 만족합니다 기본템으로 추천합니다,남성, 173cm, 50kg,보통이에요,보통이에요,보통이에요,보통이에요
사이즈 넉넉하고 가성비 너무 좋아요 또 구매할게요,NaN,NaN,NaN,보통이에요,보통이에요,보통이에요,보통이에요
아주 좋아요 가격이 아주 싸요아주 얇아서 시원해요,NaN,NaN,NaN,보통이에요,보통이에요,선명해요,얇아요
너무너무 깔끔하게 아무곳에나 매치해도 잘 어울리는 컬러입니다  편하고 좋아요,NaN,NaN,NaN,보통이에요,보통이에요,보통이에요,보통이에요
이건 검은색 슬랙스랑 같이 입으면 괜찮게 어울리는 거 같아요,NaN,NaN,NaN,보통이에요,보통이에요,보통이에요,보통이에요
어디든지 매칭 가능한 무난한 흰티지만 무탠다드 퀄리티라 만족가능,NaN,NaN,NaN,보통이에요,보통이에요,보통이에요,보통이에요
무신사 스탠다드 옷은 역시 무난하고 가성비 좋다는게 장점이라고 생각합니다,NaN,NaN,NaN,보통이에요,보통이에요,보통이에요,얇아요
기본티로 쟁겨두기 좋습니다 믿고사는 무탠다드,NaN,NaN,NaN,보통이에요,보통이에요,보통이에요,보통이에요
기본티로 쟁겨두기 좋습니다 믿고사는 무탠다드,NaN,NaN,NaN,보통이에요,보통이에요,보통이에요,보통이에요
단벌로 간단하게 입기에 편하고 셔츠안에 코디하기에도 좋아요  무탠다드는 진리입니다 ,남성, 180cm, 77kg,보통이에요,보통이에요,보통이에요,보통이에요
무신사 스탠다드라 그런지 그냥 싸구려 무지티 같지 않아서 좋네요,남성, 178cm, 75kg,보통이에요,보통이에요,선명해요,보통이에요
무탠다드 가성비 좋아요 사이즈는 살짝타이트한것같아요,남성, 174cm, 64kg,작아요,보통이에요,보통이에요,얇아요
이너로 입어도 되고 이것만 단품으로 입어도 됩니다,남성, 170cm, 64kg,보통이에요,보통이에요,보통이에요,보통이에요
무탠다드 제품답게 뭘 사든 중간은 가는 것 같고 편안해요,남성, 178cm, 82kg,보통이에요,보통이에요,보통이에요,보통이에요
사이즈도 넉넉하니 종종 재구매할거 같아요 기본템으로 딱 적당한 느낌 ,NaN,NaN,NaN,보통이에요,밝아요,보통이에요,보통이에요
예쁘고 무난합니다  핏 딱 떨어져서 좋아요  잘 입을게요  참고로 안 마른 옷 입어서 쭈그렁해요,NaN,NaN,NaN,보통이에요,보통이에요,보통이에요,보통이에요
두께가 얇아서 여름저녁에는 입을수 있을것 같아요세탁후 변형만 없으면 또 구매하고 싶어요,NaN,NaN,NaN,커요,어두워요,선명해요,얇아요
무난하게 가성비 훌륭한 긴팔티입니다  흠잡을데 없고 가격 착하니 추천합니다 ,NaN,NaN,NaN,보통이에요,보통이에요,보통이에요,보통이에요
어디에도 잘어울리고 마감이 좋네요 추천합니다 굳이요,NaN,NaN,NaN,보통이에요,보통이에요,보통이에요,보통이에요
무탠다드 제품 구매는 이번이 처음인데요 이래서 사람들이 무탠다드 무탠다드 하는구나 느꼈어요이름에 걸맞게 정말 무난하게 잘 나왔구요기본템으로 하나 장만해도 너무 좋을거 같아요가성비는 끝판왕,남성, 178cm, 85kg,보통이에요,밝아요,선명해요,보통이에요
좋습니다 기본탬으로 강츄그냥 무난해서 맨날 입어요 ㅎ,남성, 177cm, 69kg,보통이에요,보통이에요,보통이에요,보통이에요
면 괜찮은데 외출은 좀 그렇고 집에서 입으려구요,남성, 180cm, 80kg,보통이에요,밝아요,선명해요,보통이에요
단품  이너로 활용하기에 괜찮습니다  가성비 좋은 무지티 ,여성, 162cm, 50kg,보통이에요,밝아요,선명해요,보통이에요
일반 무지티로는 무탠다드가 최고입니다     핏감이 너무 좋고 가격도 너무 착하네요   ,남성, 172cm, 59kg,보통이에요,보통이에요,보통이에요,보통이에요
두께가 약간 얇지만 적당해서 입기 좋고 팔 기장이 괜찮아요,NaN,NaN,NaN,보통이에요,밝아요,보통이에요,얇아요
반팔이랑 레이어드해서 입으려고 샀는데 대만족이에요  얇아서 단독으로 입어도 좋아요    샀는데도 크네요  거의 매일 입는중,NaN,NaN,NaN,커요,밝아요,선명해요,얇아요
이너용도로 만족합니다 저렴한 가격에 좋은 옷 얻고갑니다,NaN,NaN,NaN,보통이에요,보통이에요,보통이에요,보통이에요
무난한 긴팔 흰티입니다  핏적당히 나와서 좋아요,NaN,NaN,NaN,보통이에요,보통이에요,보통이에요,보통이에요
하나만입어도되고 안에 입기에 너무 좋아요 면도 톡톡하니 좋네요 ,NaN,NaN,NaN,보통이에요,보통이에요,보통이에요,보통이에요
두께가 있어서 여러번 이너로 입어도 짱짱하고가격대비 너무 만족합니다  ,여성, 160cm, 58kg,보통이에요,보통이에요,선명해요,보통이에요
이너로도좋고 단품으로도좋고 넥라인 탄탄하니 기본으로 너무좋아요,남성, 175cm, 70kg,보통이에요,보통이에요,보통이에요,보통이에요
파란 청바지에 무탠다드 롱슬리브 받쳐입고 무탠다드 블레이저 입으니까 최고네요 ,남성, 175cm, 70kg,보통이에요,보통이에요,보통이에요,보통이에요
키가 땅딸보라 빼입하면 엉덩이 훌러덩 다 덮는 기장입니다  넣입하지 않으면 굉장히  애매함   두께는 보통입니다  한여름에는 좀 힘들 듯 싶고 요즘 쌀쌀한 밤에 입기에 좋을 것 같슴다,남성, 176cm, 72kg,보통이에요,밝아요,선명해요,보통이에요
무신사 스탠다드는 기본템 사기에 너무 좋음 인정,NaN,NaN,NaN,보통이에요,보통이에요,보통이에요,보통이에요
사이즈 적당하고 기장도 적당하고 원단도 지금 입기에도 좋습니다 ,NaN,NaN,NaN,보통이에요,보통이에요,보통이에요,보통이에요
적당한 두께에 크기는 넉넉해서 이너로 입기 좋을듯 합니다 ,NaN,NaN,NaN,커요,보통이에요,보통이에요,얇아요
그리 얇지도 두껍지도 않아 이너로 입기 딱 좋습니다 ,NaN,NaN,NaN,보통이에요,보통이에요,보통이에요,보통이에요
재질도 좋고 편하고 가성비 갑이에요 길이는 좀 긴편인데 괜찮네요ㅎ,NaN,NaN,NaN,보통이에요,보통이에요,보통이에요,보통이에요
싸게 잘 구매해서 입거다니고있습니다 감사합니다,NaN,NaN,NaN,보통이에요,보통이에요,보통이에요,보통이에요
좋아요 말해뭐하나요 입어봐야알지 아차 저만입고싶어요 ,남성, 170cm, 74kg,보통이에요,보통이에요,보통이에요,보통이에요
가격대비 정말 좋고 어디에나 같이 입기 좋을것 같아요,남성, 173cm, 61kg,보통이에요,보통이에요,보통이에요,보통이에요
회색 색상이 밝으면서 생각보다 너무 이뻐요 추천합니다 ,남성, 172cm, 87kg,보통이에요,밝아요,보통이에요,보통이에요
너무 만족스러워요핏도 아주 좋구요원단도 좋습니다,남성, 172cm, 87kg,보통이에요,보통이에요,보통이에요,보통이에요
후드티 안에 입기에도 좋고 그냥입어도 면이라 좋네요,남성, 171cm, 68kg,보통이에요,보통이에요,보통이에요,보통이에요
밝은 색상이라서 마음에 듭니다이런 티셔츠가 필요했는데 꼭 맞는 옷이라 만족해요,남성, 180cm, 81kg,보통이에요,밝아요,선명해요,보통이에요
마음에 듭니다요즘에 입을수 있는 티셔츠가 필요했는데 좋네요,NaN,NaN,NaN,보통이에요,밝아요,선명해요,보통이에요
역시 기본티 레이어드티는 무탠다드죠 짱입니다,NaN,NaN,NaN,보통이에요,보통이에요,보통이에요,보통이에요
생각한 색상이고  핏도 좋네요한여름엔 좀 더울거 같고 봄가을에 입을거 같습니다 ,NaN,NaN,NaN,보통이에요,보통이에요,보통이에요,보통이에요
편하게 입기 좋아요 생각보다 이곳저곳 활용하기 좋아요,NaN,NaN,NaN,보통이에요,보통이에요,보통이에요,보통이에요
기본으로 입기 참 좋슴다 전투용으로 편하게 고고,남성, 181cm, 68kg,보통이에요,보통이에요,보통이에요,보통이에요
크게입는걸 좋아하는데 딱 맘에들게 사이즈가 왔네요 어디에도 잘어울리는 기본티입니다 ,남성, 176cm, 75kg,보통이에요,보통이에요,보통이에요,보통이에요
이쁘고 그래도 잘 입어보기위한 노력을 해보려 합니다,여성, 163cm, 50kg,보통이에요,밝아요,선명해요,보통이에요
사이즈괜찮거 질도 좋아요 항상 긴팔은 무탠다드 이용합니다 ㅎ 좋아여,남성, 175cm, 70kg,보통이에요,밝아요,선명해요,보통이에요
두께나 길이 나쁘지 않았어요 무난하고 나중에 헤지면 다시 살 의향있습니다,남성, 177cm, 60kg,보통이에요,보통이에요,보통이에요,보통이에요
살짝 오버하게 입으랴고 한사이즈 업했더니 너무 맘에드네요,남성, 170cm, 58kg,보통이에요,보통이에요,보통이에요,보통이에요
딱맞고 정말좋아요 다들 구입하셨으면 좋겠습니다  ,NaN,NaN,NaN,보통이에요,보통이에요,보통이에요,보통이에요
면이돟아요 이름그대로스탠다드한옷이예요  홈워어로도쇠출복으로도좋아요,NaN,NaN,NaN,보통이에요,밝아요,선명해요,보통이에요
핏도 색상도 두께도 마음에 듭니다 벌써 여러벌 사뒀어요 ,NaN,NaN,NaN,보통이에요,보통이에요,보통이에요,보통이에요
가성비굿 편하고 이쁘고 좋아요기본으로입기에 좋아요,NaN,NaN,NaN,보통이에요,보통이에요,보통이에요,보통이에요
활용도가 매우높고 디자인도좋아서 언제입어도 상관없어요 추천드립니다 ㅎㅎ,남성, 174cm, 70kg,보통이에요,보통이에요,보통이에요,보통이에요
핏도 색상도 두께도 마음에 듭니다 벌써 여러벌 사뒀어요,남성, 171cm, 61kg,보통이에요,보통이에요,보통이에요,보통이에요
오래 입고 있눈데 여전히 괜찮네요 품질이  점점 발전하는 무챈다드 따봉,남성, 175cm, 60kg,보통이에요,보통이에요,보통이에요,얇아요
재질도 탄탄하고 레이어드하든 단품으로 입든  휘뚜루 마뚜루 입기에 좋아요  ,남성, 163cm, 54kg,보통이에요,보통이에요,보통이에요,보통이에요
이너로 입기에좋은 슬리브입니다 톤이 생각보다 더 다운되어 맘에 듦,남성, 163cm, 54kg,보통이에요,보통이에요,보통이에요,보통이에요
적당하고 좋습니다  두께감도 보통 정도이며 사이즈도 알맞습니다 ,NaN,NaN,NaN,보통이에요,보통이에요,보통이에요,보통이에요
재질도 좋고 사이즈도 좋고 스타일도 좋아요 맘에 들어오,NaN,NaN,NaN,보통이에요,보통이에요,보통이에요,보통이에요
지금날씨에 입기딱좋아요재구매해도좋을드쌔요,NaN,NaN,NaN,보통이에요,보통이에요,선명해요,보통이에요
아우터  셔츠 이너용으로 구매했어요 잘 입을게요   ,NaN,NaN,NaN,보통이에요,보통이에요,보통이에요,보통이에요
아웃터 이너용으로 입으려고 구매했어요 잘 입을게요   ,NaN,NaN,NaN,보통이에요,보통이에요,보통이에요,보통이에요
사이즈도 적당하고 그냥 가격에 맞는 기본 롱 슬리브입니다,남성, 170cm, 60kg,보통이에요,보통이에요,보통이에요,보통이에요
그냥 티인데 막 입기 좋고 이너로도 좋은거 같아요  ,남성, 170cm, 68kg,보통이에요,밝아요,선명해요,보통이에요
블레이저 안에 코디하기 아주 좋고 여기저기 입기 좋아요,남성, 180cm, 72kg,커요,밝아요,선명해요,보통이에요
레이어드용으로 괜찮아요 160기준  사이즈 팔길이는 손 폈을때 반쯤 보이는 길이입니다,남성, 178cm, 63kg,보통이에요,보통이에요,보통이에요,보통이에요
기장 적당하고 핏 이뻐요 두껍지 않아서 초여름까지 입을수 있어요,NaN,NaN,NaN,보통이에요,보통이에요,보통이에요,보통이에요
저렴하게 구매해서 항상 잘 입고 있습니다 또 구매할게용,NaN,NaN,NaN,보통이에요,보통이에요,보통이에요,보통이에요
적당한 두께감에 핏  너무 좋습니다 일부러 크게 샀는데 너무 만족해요 ,NaN,NaN,NaN,보통이에요,보통이에요,보통이에요,보통이에요
기본티로 입기도 좋고 블레이저 안에 이너로 입기 좋습니다 무난해요,NaN,NaN,NaN,보통이에요,보통이에요,보통이에요,보통이에요
어디에든 받쳐 입기 좋은 긴팔 티 입니다시원하고 아주 좋네요,NaN,NaN,NaN,보통이에요,보통이에요,보통이에요,보통이에요
무난한 긴팔티 잘샀습니다  기본템으로 손색이 없어요  흠 없이 잘 입고 있습니다 ,NaN,NaN,NaN,커요,보통이에요,선명해요,보통이에요
무난한 긴팔티 잘샀습니다  기본템으로 손색이 없어요  세탁해도 잘 안줄어요,남성, 172cm, 80kg,커요,보통이에요,선명해요,보통이에요
옷 무난해서 입을만해요 제일 기본티셔츠 입니다,NaN,NaN,NaN,보통이에요,보통이에요,보통이에요,두꺼워요
사이즈도 딱 여유롭고 편하게 입기 너무 좋을 것 같아요 할인 가격에 구매해서 만족합니다 ㅎㅎ,NaN,NaN,NaN,보통이에요,보통이에요,보통이에요,보통이에요
사이즈도 딱 여유롭고 편하게 입기 너무 좋을 것 같아요 할인 가격에 구매해서 만족합니다 ㅎㅎ,NaN,NaN,NaN,보통이에요,보통이에요,보통이에요,보통이에요
사이즈도 딱 여유롭고 편하게 입기 너무 좋을 것 같아요 할인 가격에 구매해서 만족합니다 ㅎㅎ,NaN,NaN,NaN,보통이에요,보통이에요,보통이에요,보통이에요
셔츠나 가디건 이너로 입기에 너무 안성맞춤입니다 ,NaN,NaN,NaN,커요,보통이에요,보통이에요,보통이에요
셔츠나 가디건 이너로 입기에 너무 안성맞춤입니다,NaN,NaN,NaN,보통이에요,보통이에요,보통이에요,보통이에요
단품으로 입어도 좋고 이너로 입어도 좋고 활용도가 좋아요,NaN,NaN,NaN,보통이에요,밝아요,보통이에요,보통이에요
여유 있게 입을 수 있는 사이즈구요어디든 다 잘 어울리는 기본 템입니다,NaN,NaN,NaN,보통이에요,보통이에요,보통이에요,보통이에요
기본이이템더 역시 무신사스탠다드입니다  잘입겠습니다,NaN,NaN,NaN,보통이에요,보통이에요,보통이에요,보통이에요
원단도 너무 얇지 않아서 하나만 입어도 비침이 없네요살짝 루즈한 핏으로 코디하기 좋은 아이템입니다색상 또한 화면에서 보는것보다 더 이쁘네여컬러별로 있어도 여름동안 아주 잘 입을 아이네여선물용으로도 괜찮은거 같아요 ,여성, 161cm, 47kg,보통이에요,보통이에요,보통이에요,보통이에요
남성용 제품이라 여성분들이 입기에는 좀 길이가 길고 넉넉한 핏입니다  목늘어남 아직까지는 없고 탄탄한 편인 것 같아요  소재는 부드럽고 색상도 맘에들어요  ,남성, 176cm, 75kg,커요,보통이에요,보통이에요,보통이에요
봄에입으려고 구매하고 지금올리네요기본티로입기딱좋습니다 ,남성, 179cm, 60kg,보통이에요,보통이에요,보통이에요,보통이에요
늦게 후기 올려서 지금 입기는 덥지만 봄가을 입기 좋아요 기본흰티 너무 좋습니다,NaN,NaN,NaN,보통이에요,보통이에요,보통이에요,보통이에요
평소 상의105  입는데    잘 맞네요 세탁 후 목늘어남도 없고  품질도 좋아요 ,NaN,NaN,NaN,보통이에요,보통이에요,보통이에요,보통이에요
벚꽃 보러갈 때 시밀러룩으로 입으려고 남자친구 사줬는데 좋네용 배송도 빠르고,NaN,NaN,NaN,보통이에요,밝아요,보통이에요,보통이에요
무난해서 어떤 아우터에도 받쳐입기 좋아요 깔끔하고 예뻐요,NaN,NaN,NaN,보통이에요,보통이에요,보통이에요,보통이에요
팔길이가 짧아서 아쉽지만 가성비로는 괜찮아요,NaN,NaN,NaN,작아요,보통이에요,보통이에요,보통이에요
소모품으로 편하게 잘 입는중  요즘 날씨엔 요거 하나 입기에 좋은듯  가성비 좋아서 블랙 화이트 여러번 재구매해서 돌려입는중,NaN,NaN,NaN,보통이에요,보통이에요,선명해요,얇아요
옷 되게 탄탄하고 좋아요 목도 잘안늘어날 것 같습니당 ,NaN,NaN,NaN,커요,보통이에요,보통이에요,보통이에요
스탠다드스러운 긴팔티이고 사이즈 잘 고르면 적당히 길어서 안에 받쳐 입기 좋습니다   ,남성, 174cm, 64kg,보통이에요,보통이에요,보통이에요,보통이에요
키가 크고 마른편인데 적당히 잘 맞고 가격대비 만족스럽습니다 ,남성, 178cm, 66kg,보통이에요,보통이에요,보통이에요,보통이에요
교복에 레이어드하는데 예뻐요 지금 입기엔 덥고 봄이나 가을에 입으면 좋을 아이템,남성, 178cm, 68kg,보통이에요,보통이에요,보통이에요,보통이에요
재질이 완전 얇은건아닌데 살짝비침 있을수도 이너로좋응,NaN,NaN,NaN,보통이에요,보통이에요,보통이에요,보통이에요
편하게 입기 좋아서작년에 구입 후 재구매 했습니다,NaN,NaN,NaN,보통이에요,보통이에요,보통이에요,보통이에요
색도 무난하고 핏도 좋아서 스타일링 할때 편하네요  위아래로 길어서 바지에 넣어 입어도 깔끔합니다 ,NaN,NaN,NaN,보통이에요,밝아요,선명해요,얇아요
베이지라기보단 약간 그레이베이지에 가깝습니다 조금 어둡네요 그래도 사이즈나 그런면은 좋아요,NaN,NaN,NaN,보통이에요,보통이에요,흐려요,보통이에요
이너로 입으려 샀는데 단품으로 입어도 이뻐서 좋음,NaN,NaN,NaN,보통이에요,보통이에요,보통이에요,얇아요
그냥 싸게 입을만 해요 가격딱 그대로 입니다 나름 질도 좋습니다,NaN,NaN,NaN,보통이에요,보통이에요,보통이에요,보통이에요
다른브랜드    정도감이에요3   라기에는 작은감이 있습니다제 체형이 커서 그런듯하기도 해요,NaN,NaN,NaN,보통이에요,보통이에요,보통이에요,보통이에요
이너로 입기도 딱이네요 겨울에 잘 쓸거같으요 굳굳,남성, 164cm, 54kg,보통이에요,보통이에요,보통이에요,보통이에요
좋은 가격에 구입해서 편안하게 착용중입니다 가성비 좋습니다 ,남성, 178cm, 80kg,보통이에요,보통이에요,보통이에요,보통이에요
핏이랑 색감이 너무 좋아요  너무 딱붙지도 너무 헐렁하지도 않은 긴팔티가 필요했는데 딱 적당해요  질도 좋고  색감도 진하고  너무 두껍거나 얇지 않아서 요즘 같이 낮에 해 쨍쨍하고 저녁에 바람 부는 날씨에 입기 좋아요 ,남성, 181cm, 70kg,보통이에요,밝아요,선명해요,보통이에요
사이즈도 딱 좋고 얇아서 엄청 시원합니다 기본으로 좋아요,NaN,NaN,NaN,보통이에요,보통이에요,선명해요,얇아요
살짝 후줄근한 느낌이 있어서 단품보다는 레이어드 티로 활용하는게 더 좋아보여요  기장은 적당하고요 비침 없습니다 ,NaN,NaN,NaN,보통이에요,보통이에요,선명해요,얇아요
아무떼나 편하게 입고 다니기 정말 편합니다 또 살듯,NaN,NaN,NaN,보통이에요,보통이에요,보통이에요,보통이에요
지금까지 여러 벌 사오고 있는데 보풀과 약간의 수축 말고는 괜찮습니다 ,NaN,NaN,NaN,보통이에요,보통이에요,보통이에요,보통이에요
딱 정사이즈 이쁘게 맞아요  색별로 더 사야겠어요ㅐ,NaN,NaN,NaN,보통이에요,보통이에요,보통이에요,보통이에요
역시 기본템은 무탠다드  가격대비 옷이 너무좋아요,NaN,NaN,NaN,보통이에요,보통이에요,보통이에요,보통이에요
이쁘고 재질이 탄탄해서 좋았어요오래입을 거 같아요,NaN,NaN,NaN,보통이에요,보통이에요,보통이에요,보통이에요
건조기 돌려서 작아져서 새로 샀어요 역시 너무 맘에 드네요,남성, 174cm, 62kg,보통이에요,보통이에요,보통이에요,보통이에요
사이즈 딱 맞아요 두께감 좀 있고 기본템으로 좋을듯,남성, 162cm, 50kg,보통이에요,밝아요,선명해요,보통이에요
사이즈도 아주 제 몸에 알맞게 맞고 색도 아주 맘에듭니다,남성, 175cm, 72kg,보통이에요,보통이에요,보통이에요,보통이에요
3번째 시킨 국밥긴팔 단품으로도 이쁘고 레이어드하기도 좋아요,남성, 183cm, 80kg,보통이에요,보통이에요,보통이에요,보통이에요
무난무난무난 하얀티 입니다이런맛으로 무탠다드 입죠 ,여성, 168cm, 56kg,보통이에요,보통이에요,보통이에요,보통이에요
무난무난무난 블랙티 입니다이런맛으로 무탠다드 입죠 ,NaN,NaN,NaN,보통이에요,보통이에요,보통이에요,보통이에요
이쁘게 잘입었습니다  팔 기장이 좀 길어요  전체적으로 좋습니다 ,NaN,NaN,NaN,보통이에요,보통이에요,보통이에요,보통이에요
이너로 입기에 길이도 딱이고 맘에들어요 올 봄 잘 입렀어요,NaN,NaN,NaN,보통이에요,보통이에요,보통이에요,보통이에요
소매기장 딱디자인 심플두께감 적당해요소매 접어 올리면 주름이 심하긴 합니다 ㅋㅋ,NaN,NaN,NaN,보통이에요,보통이에요,보통이에요,보통이에요
비침도 걱정했는데 크게 없고 딱 원하는 핏으로 잘 나왔어요,NaN,NaN,NaN,보통이에요,보통이에요,보통이에요,보통이에요
스타일하기 좋고 편하고 옷 제질도 좋아서 아주 마음에듭니다 ,남성, 174cm, 64kg,보통이에요,밝아요,선명해요,보통이에요
사이즈도 적당하고 핏도 좋습니다 색깔별로사고싶어요 ,남성, 182cm, 66kg,보통이에요,보통이에요,보통이에요,보통이에요
믿고사는 무탠다드 레이어드로 아주 굿입니다 굿,남성, 178cm, 82kg,보통이에요,보통이에요,보통이에요,보통이에요
정핏으로 레이어드나 단품으로도 손색이 없네요,남성, 174cm, 56kg,보통이에요,보통이에요,보통이에요,보통이에요
흰색은 좀 많이 비쳐요ㅠㅠ루즈한 핏 좋아하시면 이 사이즈가 딱 좋아요  팔 길이는 손 절반 정도 덮네요  ,남성, 177cm, 61kg,커요,밝아요,선명해요,얇아요
무난하니 좋아요 흰티는 기본템이어서 잘 쓸것 같아요 훗,남성, 177cm, 77kg,보통이에요,보통이에요,보통이에요,보통이에요
기본 검정 긴팔티를 찿고있었는데 제 생각대로 딱입니다 아주 이뻐요  ,NaN,NaN,NaN,보통이에요,보통이에요,보통이에요,보통이에요
그냥 기본적인 색이라서 입기에 거부감도 없고 좋아요,NaN,NaN,NaN,보통이에요,보통이에요,보통이에요,보통이에요
기본템은 다른데서 살 필요없이 무신사 스탠다드가 적절한 것 같습니다 어떤 제품군을 사던지 가격 비례 퀄리티를 생각하면 실망을 할 일이 없네요,NaN,NaN,NaN,보통이에요,보통이에요,보통이에요,보통이에요
사이즈넉넉하고 짱짱하니 좋습니다 넣입하니 괜춘하네요,NaN,NaN,NaN,커요,보통이에요,보통이에요,보통이에요
이렇게 안에 받쳐 입으려고 산 건데 넘  맘에 들게 잘 입고 있습니다  ,남성, 178cm, 74kg,보통이에요,보통이에요,보통이에요,보통이에요
진짜 인생 롱슬리브입니다 너무 편하게 입기 젛아요,남성, 171cm, 72kg,보통이에요,보통이에요,보통이에요,보통이에요
역시 무탠다드 믿고가는 무탠다드입니다만족해요,남성, 171cm, 72kg,보통이에요,보통이에요,보통이에요,보통이에요
역시 무탠다드 믿고가는 무탠다드입니다만족해요,남성, 171cm, 72kg,보통이에요,보통이에요,보통이에요,보통이에요
역시 무탠다드 믿고가는 무탠다드입니다만족해요,남성, 185cm, 65kg,보통이에요,보통이에요,보통이에요,보통이에요
기본티로는 맘에 드는 무탠다드 입니다  오버핏은 아니고 적당한 품을 가진 옷이예요ㅐ,남성, 170cm, 63kg,보통이에요,보통이에요,보통이에요,보통이에요
정말 좋네요 앞으로 이것만 계속 살것같아요   짱짱,남성, 182cm, 70kg,보통이에요,보통이에요,보통이에요,보통이에요
옷자체가 편해고 스타일도 좋아요  사이즈 잘 맞아요,남성, 178cm, 70kg,보통이에요,보통이에요,보통이에요,보통이에요
휘뚜루 마뚜루 입기 좋고 색감도 감각적이고 매우 만족스러워요 ,NaN,NaN,NaN,보통이에요,보통이에요,보통이에요,보통이에요
제일 보편적인 티셔츠 같아요 색깔별로 재구매 의사 맀음,NaN,NaN,NaN,보통이에요,보통이에요,보통이에요,보통이에요
옷자체가 편하고 좋은거 같아요 사이즈도 딱 맞아요,남성, 172cm, 68kg,보통이에요,밝아요,보통이에요,보통이에요
적당한 기장에 적당한 소매 길이로 가성비 좋게 편하게 입을 수 있어요,남성, 174cm, 70kg,보통이에요,보통이에요,보통이에요,보통이에요
레이어드 하기도 좋고 이너티로 입어도 좋네요 완전 만족입니다,남성, 173cm, 65kg,보통이에요,보통이에요,보통이에요,보통이에요
가성비 최고입니다  지금같은 간절기입기 딱이예요 ,남성, 174cm, 73kg,보통이에요,보통이에요,보통이에요,보통이에요
기본티로 무난하고 편안하게 입고 다니기 좋습니다 ,남성, 172cm, 64kg,보통이에요,보통이에요,보통이에요,보통이에요
핏 예쁘고 색감도 적당해서 여러 코디에 무난하고 예쁘게 잘 입을것 같아요 맘에드네요,NaN,NaN,NaN,보통이에요,보통이에요,선명해요,보통이에요
다크네이비도 연한네이비도 아닌 딱 네이비 그 자체입니다 ,NaN,NaN,NaN,보통이에요,보통이에요,보통이에요,보통이에요
기장도 적당하고 두께도 두껍지 않아서 편하게 입기 딱 좋습니다 ,NaN,NaN,NaN,보통이에요,보통이에요,보통이에요,보통이에요
막 엄청 좋다 느낌보단 가성비 좋게 나쁘지 않은정도에요 좀 더 오버핏 하게 입으려면 한사이즈 크게 시킬걸 그랬어요,NaN,NaN,NaN,보통이에요,밝아요,선명해요,보통이에요
그냥 나무랄데없는 기본티라서 검은색이랑 하나씩 샀습니다요즘같은 늦봄이나 초여름에 반팔티 안에다 레이어드 해서 코디하기 딱 좋네요사이즈는 평소에 100사이즈 입으시는분들은 으로 사면 적당히 맞고요 로 사면 오버핏입니다 참고하세요,NaN,NaN,NaN,보통이에요,보통이에요,보통이에요,보통이에요
간절기용으로 딱입니다 크림색이라 무난하고 얇아서 초여름까지 입을 수 있을거 같아요,남성, 175cm, 64kg,보통이에요,보통이에요,선명해요,얇아요
어떤 바지에 입어도 무난하게 잘어울리는 것같아요,남성, 180cm, 75kg,보통이에요,보통이에요,선명해요,보통이에요
초봄부터 초여름까지도 입기 좋을거 같아요오오,남성, 180cm, 75kg,보통이에요,보통이에요,선명해요,보통이에요
하나 크게시켜서 어깨라인이 적당히 오버하게 떨어져서 단품으로도 이너로도 잘 입고 있습니다   ,남성, 180cm, 76kg,보통이에요,보통이에요,보통이에요,보통이에요
적당한 오버사이즈여서 단품으로 입기에도 적당하고 기장도 적당해서 이너로도 자주 입습니다 ,남성, 180cm, 76kg,보통이에요,보통이에요,보통이에요,보통이에요
사이즈 적당하고 얇고 여름에 입기에도 괜찮습니당,남성, 176cm, 59kg,보통이에요,보통이에요,보통이에요,보통이에요
이너로 활용하기 너무 좋고 정말 가성비로 최고입니다,남성, 176cm, 74kg,보통이에요,보통이에요,보통이에요,보통이에요
이너로 활용하기 너무 좋고 정말 가성비로 최고입니다 ,남성, 176cm, 74kg,보통이에요,보통이에요,보통이에요,보통이에요
원단 짱짱하고 소매통 기장 모두 마음에 듭니다  세탁 변형도 거의 없는거같아요  ,NaN,NaN,NaN,보통이에요,보통이에요,보통이에요,보통이에요
기본 롱슬리브로 짱이에요 고민하지 마시고 얼른  사세요,NaN,NaN,NaN,커요,보통이에요,보통이에요,보통이에요
가격도 저렴하고 무난하니 이너로 입기에 좋습니당,남성, 171cm, 70kg,보통이에요,보통이에요,보통이에요,보통이에요
가성비 좋고 재짛좋고 사이즈 앟맞아용 기본으로입기 좋아요,남성, 178cm, 66kg,보통이에요,보통이에요,보통이에요,보통이에요
색이 맘에 들어서 삿는데 핏도 괜찮고 맘에들어요,NaN,NaN,NaN,보통이에요,보통이에요,보통이에요,보통이에요
조끼랑 같이 입을려구 샀는데 역시 조끼랑 입으면 이뻐요  ,NaN,NaN,NaN,보통이에요,보통이에요,보통이에요,보통이에요
딱 기본으로 입기 좋은 긴팔 티셔츠에요 가성비 좋네요,NaN,NaN,NaN,보통이에요,보통이에요,보통이에요,보통이에요
어깡이라서  살까 고민하다가  갔는데 넘 좋아요살짝 오버핏 나는데 딱좋아요,NaN,NaN,NaN,보통이에요,보통이에요,보통이에요,보통이에요
완전 화이트색아라 요즘같은 날씨에 입으면 딱 좋음두께는 얇은 편 ,NaN,NaN,NaN,보통이에요,밝아요,보통이에요,얇아요
색깔별로 여러개 샀어요  핏이 딱 좋아요  필수 기본템 ,NaN,NaN,NaN,보통이에요,보통이에요,보통이에요,보통이에요
남자친구가 깔별로 사서 너무 잘 입고있어요 두장씩 쟁여둘정도에요 추천드립니다   ,NaN,NaN,NaN,보통이에요,밝아요,보통이에요,보통이에요
가성비 좋은 여름에도 입기 시원한 무난한 쭉티입니다,NaN,NaN,NaN,보통이에요,밝아요,보통이에요,얇아요
사이즈 좋고 가볍게 사계절내내 입을 수 있을꺼 같아서 좋아요 ,남성, 160cm, 68kg,보통이에요,보통이에요,보통이에요,보통이에요
적당한 재질에 가성비까지 무신사는 믿고구매합니다  ,남성, 171cm, 76kg,보통이에요,보통이에요,보통이에요,보통이에요
역시 믿고사는 무텐다드 핏도좋고 재질도 좋아요 굿굿,남성, 170cm, 64kg,보통이에요,보통이에요,보통이에요,보통이에요
옅은 보라색도 잘 어울리는 것 같아서 좋아요  딱 맞는 사이즈로 구매해서 그런지 편해요 ,남성, 187cm, 78kg,보통이에요,보통이에요,보통이에요,보통이에요
사이즈 좋고 두깨감 좋고 한계절용으로 적절함기본티로 좋아요,남성, 174cm, 68kg,보통이에요,보통이에요,보통이에요,보통이에요
기본티는 어디나 입어도 되니 게속 쟁여놓게 되네요 잘입고 있어요,남성, 163cm, 52kg,보통이에요,보통이에요,보통이에요,보통이에요
여기서 산 바람막이랑 입으니 너무나 좋네요 어느옷이든 기본티 가 좋은데 잘산거 같아요,NaN,NaN,NaN,보통이에요,보통이에요,보통이에요,보통이에요
환절기 이너로 딱이에요    옷감도 짱짱하고 팔이며 총장도 딱 맞게 떨어져서 다행입니다  무탠다드는 이래서 믿고 사요 ,NaN,NaN,NaN,보통이에요,보통이에요,보통이에요,보통이에요
조끼 안에 입기 너무 좋고 그냥 입어도 좋습니다 매우 만족 ,NaN,NaN,NaN,보통이에요,보통이에요,보통이에요,보통이에요
일단 가성비가 그냥 너무 좋구요  얇아서 덥지않게 여름에도 입을만 합니다 만족하고요 재구매 의향이 넘쳐납니다    ,NaN,NaN,NaN,커요,보통이에요,보통이에요,얇아요
무탠다드는 걍 기본중에 기본 가볍게 입기 좋은듯,남성, 180cm, 80kg,보통이에요,보통이에요,보통이에요,보통이에요
밝은 보랏빛이 잘 어울리네요  평소 입던 사이즈로 주문을 했는데 딱 맞아서 편하네요 ,남성, 170cm, 64kg,보통이에요,보통이에요,보통이에요,보통이에요
음 색이 이쁜편은 아닙니다  찐회색 느낌보단 옅은 검정색  느낌으로 나왔습니다  사이즈는 정사이즈로 나온듯 합니다 ,남성, 182cm, 70kg,보통이에요,어두워요,흐려요,보통이에요
두께도 적당하고 깔끔해서 좋아요 ㅎㅎ 그냥 기본티로 잘 입고 다닙니다,남성, 181cm, 74kg,보통이에요,밝아요,보통이에요,보통이에요
정말 배이직한 긴팔 티셔츠에요  두께감은 얇지 않아서 봄 가을에 입기 좋아요  ,NaN,NaN,NaN,보통이에요,보통이에요,보통이에요,보통이에요
이 제품만 입기에는 좀 얇지만 이너로 입기에는 최고 ,NaN,NaN,NaN,보통이에요,보통이에요,보통이에요,보통이에요
기본 티셔츠의 정석입니다 그냥 이거 사세요 렝이어드도 좋아요,NaN,NaN,NaN,보통이에요,보통이에요,보통이에요,보통이에요
기본 티셔츠의 정석입니다 그냥 이거 사세요 렝이어드도 좋아요,NaN,NaN,NaN,보통이에요,보통이에요,보통이에요,보통이에요
무탠다드 기본티 너무 만족하면서 쓰고있습니다 추천드립니다 ,NaN,NaN,NaN,보통이에요,보통이에요,보통이에요,보통이에요
색감이랑 핏 너무 좋고 부드러운 원단이라 봄  가을에 잘 입을수 있을것같네요,NaN,NaN,NaN,보통이에요,보통이에요,보통이에요,보통이에요
색감이랑 핏 너무 좋고 부드러운 원단이라 봄  가을에 잘 입을수 있을것같네요,남성, 181cm, 73kg,보통이에요,보통이에요,보통이에요,보통이에요
그냥 무난하고 싸고 안에 받쳐입기 좋아요 가격대비 좋아요ㅔ,여성, 161cm, 49kg,보통이에요,보통이에요,보통이에요,보통이에요
틴 너무 마음에 들어요 ㅠㅠ 핏도 마음에 들고 짱짱하요,남성, 174cm, 65kg,보통이에요,보통이에요,보통이에요,보통이에요
  사이즈에요  여름에 긴팔티 자주 입고 다녀서 구매했어용 엉덩이 가렸음좋겠었는데 딱 원하는 만큼 가려주네여너무 길지도 않고 아주아주 딱 좋습니다  팔 길이도 참고하셔요,남성, 169cm, 64kg,보통이에요,보통이에요,보통이에요,보통이에요
무난무난한 기본탬 ㅎ 가격대비 가성비가 너무 좋습니다 ,남성, 174cm, 80kg,보통이에요,보통이에요,보통이에요,보통이에요
두껍지 않아서 여름에도시원하게 입을 수 있을거 같아요 약간 흐물거려요,NaN,NaN,NaN,보통이에요,보통이에요,보통이에요,보통이에요
기본무지티 입니다 가성비 최고 인거 같아요  너무 좋은거 같네요,NaN,NaN,NaN,보통이에요,보통이에요,보통이에요,보통이에요
무신사 스탠다드 티셔츠만 10벌 가량 샀을정도로 가성비가 뛰어납니다 ,NaN,NaN,NaN,보통이에요,보통이에요,보통이에요,보통이에요
흰색과 그레이와 블루가 섞인 오묘한 색깔 입니다 ,NaN,NaN,NaN,보통이에요,보통이에요,보통이에요,보통이에요
기본무지티가격대비 가성비좋음촉감 사이즈 모두 좋음,NaN,NaN,NaN,보통이에요,밝아요,선명해요,얇아요
여름인데 시원하고 좋아요  그런데 너무 얇아서 안이 보이네요,남성, 180cm, 66kg,보통이에요,보통이에요,선명해요,얇아요
머쉬룸 색감이 너무 예쁩니다  무난하게 입기 좋습니다 ,남성, 173cm, 63kg,보통이에요,보통이에요,선명해요,보통이에요
몸에 딱 맞는 핏 괜찮은 재질 저렴한 가격 모든게 만족입니다,남성, 175cm, 72kg,보통이에요,보통이에요,보통이에요,보통이에요
두께감도 좋고 빨래해도 쉽게 늘어나지 않을 거 같아서 좋네요 핏도 어깨가 넓어보여서 좋습니다,NaN,NaN,NaN,보통이에요,보통이에요,보통이에요,보통이에요
차콜색 롱슬리브 찾고있었는데 무탠다드에 있길래 구매했습니다 좋아요 ,NaN,NaN,NaN,보통이에요,보통이에요,보통이에요,보통이에요
기본적인 긴팔티셔츠인데 사이즈도 재질도마음에 들어요,NaN,NaN,NaN,보통이에요,보통이에요,보통이에요,보통이에요
무난무난하고 적당하게 맞아요  전체적으로 여유 있는데 제가 골반이 좀 있어서 골반 쪽만 좀 덜 여유롭네용,NaN,NaN,NaN,보통이에요,보통이에요,보통이에요,보통이에요
가을에 이너로 입으려고 샀는데 지금 입어도 되겠네요 가성비 좋습니다,NaN,NaN,NaN,보통이에요,보통이에요,보통이에요,보통이에요
처음부터 낭낭하게 입고 싶어서 산건데 사이즈 매우 만족입니다 바지를 적당히 붙는거 입고 넣어 입으니까 원하는 핏 나오고 만족이에요스웻셔츠 스탠다드핏으로 입어서 안에 이너로 입는 분들은 이 기장 잘 맞을거에요 ,NaN,NaN,NaN,커요,보통이에요,보통이에요,보통이에요
적당한 두께감에 적당한 재질 거기에 적당한 길이감까지 엄청난 가성비라 생각합니다,NaN,NaN,NaN,보통이에요,보통이에요,보통이에요,보통이에요
